,Measurement Datetime,Pulsing On,Temperature (C),Real Days,Impedance Magnitude at 1000 Hz (ohms),Impedance Phase at 1000 Hz (degrees),Charge Injection Capacity @ 1000 us (uC/cm^2)
0,2025-04-25 15:11:36,False,65.8898,0.9663888888888889,1430.0,-67.0,2.199999999996664
1,2025-04-25 15:19:36,True,65.8898,0.9719444444444444,,,
2,2025-04-26 03:29:47,False,66.0063,1.4790162037037036,2530.0,-50.0,3.042735042733256
3,2025-04-26 03:37:47,True,66.0063,1.484571759259259,,,
4,2025-04-26 15:48:00,False,66.1648,1.9916666666666665,4120.0,-43.0,4.244343891402107
5,2025-04-26 15:56:00,True,66.1648,1.997222222222222,,,
6,2025-04-27 04:06:11,False,66.1202,2.504293981481481,6000.0,-51.0,4.094091751622057
7,2025-04-27 04:14:11,True,66.1202,2.509849537037037,,,
8,2025-04-27 16:24:24,False,66.1185,3.0169444444444444,6720.0,-56.0,4.146923076923111
9,2025-04-27 16:32:24,True,66.1185,3.0224999999999995,,,
10,2025-04-28 04:42:36,False,66.0473,3.529583333333333,5960.0,-62.0,3.664102564102405
11,2025-04-28 04:50:36,True,66.0473,3.535138888888889,,,
12,2025-04-28 17:00:50,False,66.1792,4.04224537037037,7440.0,-57.0,3.1017913593259023
13,2025-04-28 17:08:50,True,66.1792,4.047800925925926,,,
14,2025-04-29 05:18:48,False,66.3271,4.554722222222222,9140.0,-56.0,1.7961538461566364
15,2025-04-29 05:26:48,True,66.3271,4.560277777777778,,,
16,2025-04-29 17:36:46,False,66.1225,5.067199074074074,11500.0,-54.0,2.079125073400116
17,2025-04-29 17:44:46,True,66.1225,5.072754629629629,,,
18,2025-04-30 05:55:03,False,66.3543,5.579895833333333,16600.0,-55.0,0.509615384615708
19,2025-04-30 06:03:03,True,66.3543,5.585451388888889,,,
20,2025-04-30 18:13:18,False,66.2518,6.092569444444444,15700.0,-56.0,0.5046975924834414
21,2025-04-30 18:21:18,True,66.2518,6.098125,,,
22,2025-05-01 06:31:33,False,66.3568,6.605243055555555,19100.0,-59.0,0.8349112426033959
23,2025-05-01 06:39:33,True,66.3568,6.610798611111111,,,
24,2025-05-01 18:49:48,False,66.3067,7.117916666666666,21100.0,-60.0,0.3435664335668942
25,2025-05-01 18:57:48,True,66.3067,7.1234722222222215,,,
26,2025-05-02 07:08:05,False,66.3384,7.630613425925926,20500.0,-62.0,0.4988461538456704
27,2025-05-02 07:16:05,True,66.3384,7.636168981481482,,,
28,2025-05-02 19:26:21,False,66.23,8.143298611111112,21100.0,-62.0,0.0545310853528562
29,2025-05-02 19:34:21,True,66.23,8.148854166666668,,,
30,2025-05-03 07:44:25,False,66.3424,8.655844907407408,23400.0,-63.0,-0.6880504991200123
31,2025-05-03 07:52:25,True,66.3424,8.661400462962963,,,
32,2025-05-03 20:02:41,False,66.2167,9.168530092592592,22400.0,-61.0,-0.5837242026272864
33,2025-05-03 20:10:41,True,66.2167,9.174085648148148,,,
34,2025-05-04 08:20:57,False,66.2884,9.68121527777778,9060.0,-56.0,2.011936339522466
35,2025-05-04 08:28:57,True,66.2884,9.686770833333334,,,
36,2025-05-04 20:39:13,False,66.2999,10.193900462962963,9250.0,-57.0,1.9714109419991863
37,2025-05-04 20:47:13,True,66.2999,10.19945601851852,,,
38,2025-05-05 16:06:55,False,66.2206,11.00480324074074,9090.0,-56.0,1.482517482516556
39,2025-05-05 16:14:55,True,66.2206,11.010358796296297,,,
40,2025-05-05 17:10:53,False,66.171,11.049224537037036,5840.0,-47.0,2.732558139535563
41,2025-05-05 17:18:53,True,66.171,11.054780092592592,,,
42,2025-05-06 05:28:37,False,66.3349,11.56153935185185,9130.0,-59.0,2.058566433566379
43,2025-05-06 05:36:37,True,66.3349,11.567094907407409,,,
44,2025-05-06 17:46:21,False,66.2448,12.073854166666663,9190.0,-59.0,2.092172145035574
45,2025-05-06 17:54:21,True,66.2448,12.079409722222222,,,
46,2025-05-07 06:04:10,False,66.2984,12.586226851851851,9490.0,-59.0,2.077218934911187
47,2025-05-07 06:12:10,True,66.2984,12.591782407407408,,,
48,2025-05-07 18:21:58,False,66.4135,13.098587962962965,9970.0,-59.0,2.023890206709607
49,2025-05-07 18:29:58,True,66.4135,13.10414351851852,,,
50,2025-05-08 06:39:46,False,66.2348,13.610949074074073,10200.0,-59.0,1.924475524475516
51,2025-05-08 06:47:46,True,66.2348,13.61650462962963,,,
52,2025-05-08 18:57:35,False,66.2818,14.123321759259255,10400.0,-59.0,1.9244755244754144
53,2025-05-08 19:05:35,True,66.2818,14.128877314814812,,,
54,2025-05-09 07:15:23,False,66.344,14.635682870370372,11200.0,-59.0,1.88870703764316
55,2025-05-09 07:23:23,True,66.344,14.641238425925929,,,
56,2025-05-09 19:33:11,False,66.2451,15.14804398148148,11300.0,-59.0,1.6974456840868934
57,2025-05-09 19:41:11,True,66.2451,15.15359953703704,,,
58,2025-05-10 07:50:59,False,66.2928,15.660405092592592,11000.0,-59.0,1.7089160839161142
59,2025-05-10 07:58:59,True,66.2928,15.665960648148149,,,
60,2025-05-10 20:08:47,False,66.3215,16.172766203703706,11500.0,-59.0,1.476923076922876
61,2025-05-10 20:16:47,True,66.3215,16.17832175925926,,,
62,2025-05-11 08:26:35,False,66.2775,16.685127314814814,11600.0,-59.0,1.7065176203107564
63,2025-05-11 08:34:35,True,66.2775,16.69068287037037,,,
64,2025-05-11 20:44:23,False,66.296,17.19748842592593,11700.0,-58.0,1.660862785862726
65,2025-05-11 20:52:23,True,66.296,17.203043981481482,,,
66,2025-05-12 09:02:11,False,66.2265,17.709849537037037,11900.0,-57.0,1.5999706400471227
67,2025-05-12 09:10:11,True,66.2265,17.715405092592594,,,
68,2025-05-12 21:20:00,False,66.3737,18.22222222222222,11800.0,-57.0,1.613360323886749
69,2025-05-12 21:28:00,True,66.3737,18.22777777777777,,,
70,2025-05-13 09:37:48,False,66.3295,18.734583333333333,12000.0,-58.0,2.119658119658084
71,2025-05-13 09:45:48,True,66.3295,18.74013888888889,,,
72,2025-05-13 21:55:36,False,66.3366,19.24694444444444,11800.0,-59.0,1.5881118881117262
73,2025-05-13 22:03:36,True,66.3366,19.2525,,,
74,2025-05-14 09:28:13,False,66.208,19.72792824074074,14100.0,-59.0,1.386352357320144
75,2025-05-14 09:36:13,True,66.208,19.73348379629629,,,
76,2025-05-14 21:46:07,False,66.3308,20.24035879629629,12400.0,-58.0,1.294324577861359
77,2025-05-14 21:54:07,True,66.3308,20.24591435185185,,,
78,2025-05-15 10:03:48,False,66.3492,20.75263888888889,12700.0,-58.0,2.000071357214225
79,2025-05-15 10:11:48,True,66.3492,20.758194444444445,,,
80,2025-05-15 22:21:28,False,66.3261,21.26490740740741,12900.0,-59.0,1.5530626780626402
81,2025-05-15 22:29:28,True,66.3261,21.270462962962963,,,
82,2025-05-19 09:28:40,False,66.1786,24.72824074074074,24100.0,-64.0,1.2486263736265013
83,2025-05-19 09:36:40,True,66.1786,24.73379629629629,,,
84,2025-05-19 21:46:29,False,66.3026,25.240613425925925,16600.0,-66.0,0.4429967426704216
85,2025-05-19 21:54:29,True,66.3026,25.24616898148148,,,
86,2025-05-20 10:04:16,False,66.2727,25.752962962962965,17300.0,-65.0,0.4429967426704216
87,2025-05-20 10:12:16,True,66.2727,25.75851851851852,,,
88,2025-05-20 11:35:34,False,66.2021,25.81636574074074,16300.0,-65.0,0.5236555479911796
89,2025-05-20 11:43:34,True,66.2021,25.821921296296296,,,
90,2025-05-20 23:53:16,False,66.4137,26.32865740740741,17500.0,-65.0,0.4112377850163488
91,2025-05-21 00:01:16,True,66.4137,26.334212962962965,,,
92,2025-05-21 12:10:58,False,66.2364,26.840949074074075,16600.0,-64.0,0.5236555479911796
93,2025-05-21 12:18:58,True,66.2364,26.84650462962963,,,
94,2025-05-22 00:28:43,False,66.3422,27.35327546296297,16900.0,-64.0,-0.2684863523579277
95,2025-05-22 00:36:43,True,66.3422,27.35883101851852,,,
96,2025-05-22 12:46:30,False,66.284,27.865625,17600.0,-64.0,0.6794511668103714
97,2025-05-22 12:54:30,True,66.284,27.871180555555554,,,
98,2025-05-23 01:04:13,False,66.3585,28.37792824074074,16700.0,-63.0,0.1818681318676404
99,2025-05-23 01:12:13,True,66.3585,28.3834837962963,,,
100,2025-05-23 13:21:58,False,66.3078,28.890254629629627,17800.0,-63.0,0.1794240242507697
101,2025-05-23 13:29:58,True,66.3078,28.895810185185184,,,
102,2025-05-24 01:39:43,False,66.4325,29.40258101851852,16900.0,-63.0,0.1818681318676404
103,2025-05-24 01:47:43,True,66.4325,29.408136574074074,,,
104,2025-05-24 13:57:28,False,66.3871,29.91490740740741,18000.0,-63.0,0.4503652771805352
105,2025-05-24 14:05:28,True,66.3871,29.92046296296296,,,
106,2025-05-25 02:15:14,False,66.4583,30.42724537037037,17100.0,-62.0,0.5079881656799257
107,2025-05-25 02:23:14,True,66.4583,30.43280092592592,,,
108,2025-05-25 14:32:59,False,66.3812,30.93957175925925,17500.0,-62.0,-0.1980769230775124
109,2025-05-25 14:40:59,True,66.3812,30.94512731481481,,,
110,2025-05-26 02:50:45,False,66.4252,31.451909722222226,18800.0,-63.0,-1.336538461539824
111,2025-05-26 02:58:45,True,66.4252,31.45746527777777,,,
112,2025-05-26 15:08:30,False,66.2288,31.96423611111111,18000.0,-62.0,0.6412400308716439
113,2025-05-26 15:16:30,True,66.2288,31.969791666666666,,,
114,2025-05-27 03:26:16,False,66.4626,32.47657407407407,10900.0,-58.0,1.6376518218621867
115,2025-05-27 03:34:16,True,66.4626,32.48212962962963,,,
116,2025-05-27 15:44:02,False,66.2697,32.98891203703703,12600.0,-60.0,1.4326923076921516
117,2025-05-27 15:52:02,True,66.2697,32.99446759259259,,,
118,2025-05-27 16:36:09,False,66.0988,33.02510416666667,12600.0,-60.0,1.1824847814054529
119,2025-05-27 16:44:09,True,66.0988,33.030659722222225,,,
120,2025-05-28 04:53:57,False,66.3269,33.53746527777778,13200.0,-59.0,2.1520847381433983
121,2025-05-28 05:01:57,True,66.3269,33.54302083333333,,,
122,2025-05-28 16:35:14,False,66.218,34.02446759259259,13300.0,-58.0,1.4497202797200048
123,2025-05-28 16:43:14,True,66.218,34.030023148148146,,,
124,2025-05-29 04:52:57,False,66.342,34.53677083333333,13700.0,-58.0,1.0499056158564235
125,2025-05-29 05:00:57,True,66.342,34.54232638888889,,,
126,2025-05-29 17:10:39,False,66.3339,35.0490625,14900.0,-57.0,1.0805240576154442
127,2025-05-29 17:18:39,True,66.3339,35.05461805555556,,,
128,2025-05-30 05:28:22,False,66.3984,35.56136574074074,16300.0,-58.0,1.04993006993015
129,2025-05-30 05:36:22,True,66.3984,35.56692129629629,,,
130,2025-05-30 10:28:59,False,66.1801,35.770127314814815,16300.0,-58.0,1.1395604395604493
131,2025-05-30 10:36:59,True,66.1801,35.77568287037037,,,
132,2025-05-30 22:46:47,False,66.2883,36.282488425925926,16100.0,-58.0,1.110576923076885
133,2025-05-30 22:54:47,True,66.2883,36.28804398148148,,,
134,2025-05-31 11:04:35,False,66.4033,36.79484953703704,17000.0,-59.0,0.6113977485928992
135,2025-05-31 11:12:35,True,66.4033,36.80040509259259,,,
136,2025-05-31 23:22:23,False,66.3016,37.30721064814815,16900.0,-59.0,1.0743503987652383
137,2025-05-31 23:30:23,True,66.3016,37.3127662037037,,,
138,2025-06-01 11:40:10,False,66.413,37.81956018518518,16600.0,-60.0,0.9670848019903872
139,2025-06-01 11:48:10,True,66.413,37.825115740740735,,,
140,2025-06-01 23:57:58,False,66.4514,38.33192129629629,18000.0,-60.0,2.1367869776365453
141,2025-06-02 00:05:58,True,66.4514,38.337476851851854,,,
142,2025-06-02 12:15:45,False,66.3577,38.84427083333333,17000.0,-60.0,0.8876221498371847
143,2025-06-02 12:23:45,True,66.3577,38.84982638888889,,,
144,2025-06-02 18:38:34,False,66.2617,39.11011574074074,23800.0,-61.0,-1.4967948717946775
145,2025-06-02 18:46:34,True,66.2617,39.11567129629629,,,
146,2025-06-03 06:56:17,False,66.4472,39.62241898148148,18900.0,-59.0,0.904170267933957
147,2025-06-03 07:04:17,True,66.4472,39.62797453703704,,,
148,2025-06-03 15:53:58,False,66.153,39.99581018518519,23400.0,-60.0,0.7307692307688367
149,2025-06-03 16:01:58,True,66.153,40.001365740740745,,,
150,2025-06-03 19:53:49,False,66.25580000000001,40.16237268518518,19900.0,-61.0,1.086120401337539
151,2025-06-03 20:01:49,True,66.25580000000001,40.16792824074074,,,
152,2025-06-04 19:53:09,False,66.2422,41.16190972222223,18100.0,-63.0,0.5589330024818394
153,2025-06-04 20:01:09,True,66.2422,41.16746527777778,,,
154,2025-06-06 15:50:59,False,66.1866,42.993738425925926,22900.0,-64.0,1.1730769230769744
155,2025-06-06 15:56:09,False,66.2594,42.997326388888894,22500.0,-63.0,
156,2025-06-06 15:56:19,True,66.2594,42.99744212962963,,,
157,2025-06-06 15:58:59,True,66.1866,42.99929398148148,,,
158,2025-06-06 16:22:49,False,66.1883,43.015844907407406,18200.0,-63.0,1.9971081550029053
159,2025-06-06 16:30:49,True,66.1883,43.02140046296296,,,
160,2025-06-06 19:53:13,False,66.3152,43.16195601851852,17700.0,-63.0,1.253602138043372
161,2025-06-06 20:01:13,True,66.3152,43.16751157407408,,,
162,2025-06-07 07:53:53,False,66.3807,43.66241898148149,18200.0,-63.0,2.152675455602944
163,2025-06-07 08:01:53,True,66.3807,43.66797453703703,,,
164,2025-06-07 19:53:11,False,66.4066,44.16193287037037,18100.0,-63.0,1.343681318680956
165,2025-06-07 20:01:11,True,66.4066,44.16748842592593,,,
166,2025-06-08 07:53:49,False,66.4125,44.66237268518518,1010.0,-92.0,4.093857634901511
167,2025-06-08 08:01:49,True,66.4125,44.667928240740736,,,
168,2025-06-08 19:53:08,False,66.4216,45.16189814814815,10300.0,-49.0,3.2567307692302934
169,2025-06-08 20:01:08,True,66.4216,45.1674537037037,,,
170,2025-06-09 07:53:48,False,66.3601,45.66236111111112,11000.0,-51.0,3.053948913681781
171,2025-06-09 08:01:48,True,66.3601,45.66791666666666,,,
172,2025-06-09 15:01:50,False,66.1238,45.95960648148148,12100.0,-52.0,2.4356900452487134
173,2025-06-09 15:09:50,True,66.1238,45.96516203703703,,,1.6968623481783809
174,2025-06-09 15:09:50,True,66.1238,45.96516203703703,,,
175,2025-06-09 19:53:05,False,66.3216,46.16186342592592,6730.0,-55.0,3.8365384615375695
176,2025-06-09 20:01:05,True,66.3216,46.16741898148148,,,
177,2025-06-10 07:53:11,False,66.3803,46.66193287037037,9060.0,-61.0,3.248881397487027
178,2025-06-10 08:01:11,True,66.3803,46.66748842592593,,,
179,2025-06-11 19:52:59,False,65.7371,48.16179398148148,9940.0,-72.0,1.7096005917163677
180,2025-06-11 20:00:59,True,65.7371,48.16734953703704,,,
181,2025-06-12 07:53:22,False,65.6826,48.66206018518519,11000.0,-72.0,2.162688183130545
182,2025-06-12 08:01:22,True,65.6826,48.667615740740736,,,
183,2025-06-12 19:53:37,False,65.7277,49.1622337962963,11300.0,-68.0,1.5717455621303724
184,2025-06-12 20:01:37,True,65.7277,49.16778935185186,,,
185,2025-06-13 07:53:55,False,65.7365,49.66244212962963,8190.0,-58.0,1.7635746606338678
186,2025-06-13 08:01:55,True,65.7365,49.66799768518519,,,
187,2025-06-13 19:53:38,False,65.7447,50.16224537037037,6650.0,-53.0,3.2145505097318887
188,2025-06-13 20:01:38,True,65.7447,50.16780092592592,,,
189,2025-06-14 07:53:29,False,65.8512,50.662141203703705,8840.0,-60.0,2.784236596736765
190,2025-06-14 08:01:29,True,65.8512,50.66769675925926,,,
191,2025-06-14 19:53:12,False,65.7202,51.16194444444444,9330.0,-61.0,2.4478021978022166
192,2025-06-14 20:01:12,True,65.7202,51.1675,,,
193,2025-06-15 07:53:02,False,65.8089,51.66182870370371,9220.0,-63.0,2.297017960013608
194,2025-06-15 08:01:02,True,65.8089,51.66738425925926,,,
195,2025-06-15 19:53:53,False,65.7783,52.16241898148149,9360.0,-62.0,2.261621472053198
196,2025-06-15 20:01:53,True,65.7783,52.16797453703703,,,
197,2025-06-16 07:53:42,False,65.7325,52.66229166666667,9690.0,-61.0,2.4615384615381086
198,2025-06-16 08:01:42,True,65.7325,52.66784722222221,,,
199,2025-06-16 19:53:34,False,65.7627,53.16219907407408,9610.0,-62.0,2.2221350078491944
200,2025-06-16 20:01:34,True,65.7627,53.16775462962963,,,
201,2025-06-17 07:53:28,False,65.8478,53.662129629629625,9780.0,-62.0,2.32577903682718
202,2025-06-17 08:01:28,True,65.8478,53.66768518518518,,,
203,2025-06-17 19:53:02,False,65.8135,54.16182870370371,10300.0,-60.0,2.404080675422086
204,2025-06-17 20:01:02,True,65.8135,54.16738425925926,,,
205,2025-06-18 07:53:08,False,65.8586,54.66189814814815,10600.0,-59.0,2.297017960013608
206,2025-06-18 08:01:08,True,65.8586,54.6674537037037,,,
207,2025-06-18 19:53:51,False,65.8653,55.162395833333335,11300.0,-58.0,2.300720196138536
208,2025-06-18 20:01:51,True,65.8653,55.167951388888895,,,
209,2025-06-19 07:53:54,False,65.8227,55.66243055555555,11800.0,-60.0,2.241000378931381
210,2025-06-19 08:01:54,True,65.8227,55.66798611111111,,,
211,2025-06-19 19:53:38,False,65.6951,56.16224537037037,12600.0,-60.0,1.989970788704864
212,2025-06-19 20:01:38,True,65.6951,56.16780092592592,,,
213,2025-06-20 07:53:55,False,65.8688,56.66244212962963,13000.0,-59.0,2.0365138354078582
214,2025-06-20 08:01:55,True,65.8688,56.66799768518519,,,
215,2025-06-20 19:53:54,False,65.7226,57.16243055555555,13500.0,-59.0,1.9346153846151688
216,2025-06-20 20:01:54,True,65.7226,57.16798611111111,,,
217,2025-06-21 07:53:52,False,65.7349,57.66240740740741,13700.0,-60.0,1.6906037000974363
218,2025-06-21 08:01:52,True,65.7349,57.66796296296297,,,
219,2025-06-21 19:53:52,False,65.6239,58.16240740740741,13800.0,-59.0,1.898846153846278
220,2025-06-21 20:01:52,True,65.6239,58.16796296296297,,,
221,2025-06-22 07:53:52,False,65.7003,58.66240740740741,13800.0,-60.0,1.709520417853985
222,2025-06-22 08:01:52,True,65.7003,58.66796296296297,,,
223,2025-06-22 19:53:52,False,65.7374,59.16240740740741,13800.0,-61.0,1.554142011834404
224,2025-06-22 20:01:52,True,65.7374,59.16796296296297,,,
225,2025-06-23 07:53:52,False,65.8257,59.66240740740741,14000.0,-60.0,1.6040942928040556
226,2025-06-23 08:01:52,True,65.8257,59.66796296296297,,,
227,2025-06-23 19:53:25,False,65.7004,60.16209490740741,13900.0,-59.0,1.9772514071296008
228,2025-06-23 20:01:25,True,65.7004,60.16765046296297,,,
229,2025-06-24 07:52:59,False,65.8005,60.66179398148148,13900.0,-61.0,1.657898121945076
230,2025-06-24 08:00:59,True,65.8005,60.66734953703704,,,
231,2025-06-24 19:53:30,False,65.8831,61.16215277777778,13800.0,-60.0,2.134358689141759
232,2025-06-24 20:01:30,True,65.8831,61.16770833333334,,,
233,2025-06-25 07:53:31,False,65.8484,61.66216435185185,14000.0,-60.0,1.6608627858627412
234,2025-06-25 08:01:31,True,65.8484,61.66771990740741,,,
235,2025-06-25 19:53:34,False,65.8096,62.16219907407408,14400.0,-59.0,1.63578799249532
236,2025-06-25 20:01:34,True,65.8096,62.16775462962963,,,
237,2025-06-26 19:53:07,False,65.8144,63.16188657407408,14200.0,-60.0,1.6309272918862583
238,2025-06-26 20:01:07,True,65.8144,63.16744212962963,,,
239,2025-06-27 07:53:12,False,65.9013,63.66194444444444,14700.0,-59.0,1.691478332987801
240,2025-06-27 08:01:12,True,65.9013,63.6675,,,
241,2025-06-30 13:04:09.749887,False,65.7554,66.87789062369214,12700.0,-64.0,
242,2025-06-30 14:08:48.174355,False,65.7132,66.92277979577547,6480.0,-62.0,
243,2025-06-30 14:26:43.968704,False,65.5337,66.93523111925926,7270.0,-61.0,
244,2025-06-30 14:29:40.916034,False,65.6469,66.93727912076389,7360.0,-62.0,1.8764792899409464
245,2025-06-30 14:53:26.817815,False,65.6101,66.95378261359954,13500.0,-55.0,
246,2025-06-30 16:32:10.616482,False,65.6948,67.0223450981713,14400.0,-58.0,1.6553846153847664
247,2025-06-30 16:45:47.166858,False,65.6058,67.03179591270833,14600.0,-58.0,1.726923076923048
248,2025-06-30 17:10:10.861781,False,65.6338,67.04873682616899,7090.0,-64.0,2.759615384615892
249,2025-06-30 17:32:31.858263,False,65.6619,67.06425761878471,8530.0,-66.0,
250,2025-06-30 17:53:38.613671,False,65.707,67.07891913971065,8090.0,-68.0,
251,2025-06-30 17:58:35.345119,False,65.7494,67.0823535314699,8290.0,-69.0,
252,2025-06-30 18:11:16.609875,False,65.8099,67.09116446614583,14100.0,-58.0,1.6040209790211657
253,2025-06-30 18:20:47.930579,False,65.7007,67.09777697429398,14400.0,-57.0,2.840976331361236
254,2025-06-30 18:41:01.046793,True,65.7379,67.11181767121528,,,
255,2025-07-01 06:55:44.704227,False,65.8118,67.6220451878125,9090.0,-70.0,2.010716382853736
256,2025-07-01 07:21:09.158058,True,65.7802,67.639689329375,,,
257,2025-07-01 20:48:59.206399,False,65.7442,68.20068525924769,9680.0,-69.0,2.14469981238283
258,2025-07-01 21:09:13.316081,True,65.8247,68.21473745464121,,,
259,2025-07-02 09:57:32.939511,False,65.7419,68.74829791100696,10300.0,-67.0,1.9160125588696413
260,2025-07-02 10:27:13.595733,True,65.8672,68.76890735802084,,,
261,2025-07-02 10:50:14.201688,False,65.6564,68.78488659361112,10600.0,-67.0,2.213771712158937
262,2025-07-02 11:11:18.308211,True,65.8505,68.79951745614584,,,
263,2025-07-02 17:36:57.201556,False,65.7587,69.06732872171297,10400.0,-64.0,1.885116512152272
264,2025-07-02 18:00:10.180798,True,65.87,69.08345116664351,,,
265,2025-07-03 17:36:30.662284,False,65.9447,70.06702155421296,10900.0,-67.0,1.635787992495349
266,2025-07-03 18:00:14.785608,True,65.9223,70.08350446305555,,,
267,2025-07-04 17:36:34.439452,False,65.9059,71.0670652714352,11500.0,-66.0,1.5955391640324306
268,2025-07-04 17:57:40.110018,True,65.9118,71.08171423631944,,,
269,2025-07-05 17:36:01.514532,False,65.9005,72.06668419597221,12300.0,-66.0,1.6891025641028907
270,2025-07-05 17:58:10.608664,True,65.8698,72.08206722990741,,,
271,2025-07-06 17:36:30.017255,False,65.9031,73.06701408859954,12800.0,-65.0,1.2983718735251544
272,2025-07-06 18:01:17.744910,True,65.9018,73.08423315868055,,,
273,2025-07-07 17:36:37.495217,False,65.9051,74.06710063908564,13200.0,-64.0,1.379690431519455
274,2025-07-07 18:00:53.497271,True,65.8118,74.08395251471066,,,
275,2025-07-08 17:36:14.519524,False,65.8364,75.06683471671296,13700.0,-64.0,1.4765243118086202
276,2025-07-08 17:58:55.390726,True,65.8293,75.08258554081019,,,
277,2025-07-09 17:36:14.947127,False,65.8447,76.06683966582177,13700.0,-63.0,1.3592657342655274
278,2025-07-09 17:59:58.866153,True,65.8068,76.08332021010418,,,
279,2025-07-10 17:36:18.460445,False,65.7948,77.06688032922452,13700.0,-61.0,1.49048374306112
280,2025-07-10 17:57:55.883694,True,65.7777,77.08189680201389,,,
281,2025-07-11 17:36:17.460215,False,65.7582,78.06686875248845,14100.0,-62.0,1.460971182210187
282,2025-07-11 18:00:02.237960,True,65.9928,78.08335923564815,,,
283,2025-07-12 17:36:22.177365,False,65.8701,79.06692334913194,11800.0,-59.0,1.6497357604228209
284,2025-07-12 18:02:13.381443,True,65.8694,79.08487710003472,,,
285,2025-07-15 13:29:19.018812,False,65.9642,81.89535901402778,14600.0,-61.0,1.5224458204332891
286,2025-07-15 13:50:23.216220,True,65.963,81.90999092847223,,,
287,2025-07-16 13:29:54.006214,False,65.9529,82.8957639608102,14100.0,-61.0,1.4737162573575742
288,2025-07-16 13:50:58.497402,True,65.9419,82.9103992754861,,,
289,2025-07-17 13:29:55.539157,False,66.0264,83.89578170320603,14500.0,-61.0,1.4030318215984938
290,2025-07-17 13:50:59.413470,True,65.9413,83.910409878125,,,
291,2025-07-17 14:43:00.144775,False,65.9091,83.94652945341436,15800.0,-62.0,1.353092783505209
292,2025-07-17 15:13:42.982628,True,65.883,83.96785859523149,,,
293,2025-07-17 15:24:03.258873,False,65.7387,83.97503771843749,16600.0,-63.0,1.3592657342659604
294,2025-07-17 15:45:08.078460,True,65.8006,83.98967683402778,,,
295,2025-07-18 15:24:27.960298,False,65.8441,84.97532361456018,14300.0,-61.0,1.4779020979021302
296,2025-07-18 15:45:32.528058,True,65.8014,84.9899598154861,,,
297,2025-07-19 15:24:52.237659,False,65.9648,85.97560460253472,14500.0,-62.0,0.5723981900455655
298,2025-07-19 15:45:57.872834,True,65.9903,85.99025315780092,,,
299,2025-07-20 15:24:18.913693,False,66.0701,86.9752189084838,14600.0,-62.0,1.40410602910624
300,2025-07-20 15:45:23.724825,True,66.0602,86.9898579262153,,,
301,2025-07-21 15:24:43.311645,False,66.0231,87.9755012921875,14700.0,-62.0,1.4523343255524108
302,2025-07-21 15:45:48.685997,True,66.0143,87.99014682866898,,,
303,2025-07-23 09:37:45.722296,False,65.6914,89.73455697101852,15100.0,-65.0,1.2776907410307996
304,2025-07-23 09:59:20.112040,True,64.9047,89.74953833379628,,,
305,2025-07-24 09:37:50.610007,False,65.3686,90.73461354174768,14300.0,-66.0,1.4799896049897527
306,2025-07-24 09:59:24.663259,True,65.443,90.74959100994212,,,
307,2025-07-25 09:37:55.195866,False,65.6561,91.73466661881945,14700.0,-67.0,0.9535714285713708
308,2025-07-25 09:59:29.342344,True,65.6226,91.74964516601852,,,
309,2025-07-26 09:37:59.616341,False,65.424,92.73471778172456,14900.0,-67.0,1.2156932573600523
310,2025-07-26 09:59:34.178355,True,65.4884,92.74970113836804,,,
311,2025-07-27 09:37:04.723292,False,65.5468,93.73408244550926,18700.0,-61.0,0.8648403483308343
312,2025-07-27 09:58:38.848769,True,65.5733,93.7490607496412,,,
313,2025-07-28 09:37:08.836818,False,65.4508,94.7341300557639,20300.0,-58.0,1.1720805101634924
314,2025-07-28 09:58:42.525131,True,65.4925,94.74910330012732,,,
315,2025-07-29 09:37:13.210995,False,65.489,95.7341806828125,20900.0,-57.0,1.1569878141661116
316,2025-07-29 09:58:47.442568,True,65.4917,95.7491602149074,,,
317,2025-07-30 09:37:16.281407,False,65.5787,96.7342162199884,19300.0,-53.0,2.14077664100973
318,2025-07-30 09:58:50.300327,True,65.5388,96.74919329082176,,,
319,2025-07-31 09:37:21.116185,False,65.543,97.73427217806714,21500.0,-54.0,0.899800487696794
320,2025-07-31 09:58:54.933036,True,65.6065,97.7492469101389,,,
321,2025-08-01 09:37:24.235484,False,65.6131,98.7343082810648,21500.0,-53.0,0.781454979129597
322,2025-08-01 09:59:30.432293,True,65.6136,98.74965778116898,,,
323,2025-08-02 09:37:01.257150,False,65.5006,99.734042328125,20800.0,-52.0,0.9960605432303756
324,2025-08-02 09:58:36.064711,True,65.546,99.7490285267477,,,
325,2025-08-03 09:37:06.088100,False,65.6533,100.73409824189814,20600.0,-51.0,1.3204261954261276
326,2025-08-03 09:58:40.524199,True,65.5837,100.74908014119212,,,
327,2025-08-04 09:37:11.370386,False,65.7232,101.7341593794676,19400.0,-49.0,2.118247888430563
328,2025-08-04 09:58:46.031275,True,65.6552,101.7491438804977,,,
329,2025-08-05 09:37:15.824631,False,65.6743,102.73421093322918,18100.0,-50.0,1.1730769230766769
330,2025-08-05 09:58:49.778555,True,65.6107,102.74918725179398,,,
331,2025-08-06 09:37:20.570027,False,65.538,103.73426585679398,18800.0,-50.0,1.197061365600678
332,2025-08-06 09:58:54.729058,True,65.5421,103.7492445492824,,,
333,2025-08-07 09:37:12.700136,False,65.5951,104.7341747700926,18500.0,-49.0,1.48566433566438
334,2025-08-07 09:58:37.092145,True,65.5159,104.74904041834492,,,
335,2025-08-08 09:37:06.665264,False,65.6302,105.73410492203702,20300.0,-51.0,1.1850691443386283
336,2025-08-08 09:58:32.958748,True,65.617,105.74899257810183,,,
337,2025-08-09 09:37:01.112584,False,65.6768,106.7340406549074,19300.0,-50.0,2.0561596480201194
338,2025-08-09 09:58:27.053317,True,65.7666,106.74892422820602,,,
339,2025-08-10 09:37:56.949370,False,65.5448,107.73468691400464,20100.0,-50.0,1.136223308464419
340,2025-08-10 09:59:23.189953,True,65.544,107.74957395778937,,,
341,2025-08-11 09:37:50.941841,False,65.6082,108.734617382419,19700.0,-49.0,1.4609711822102922
342,2025-08-11 09:59:17.415095,True,65.5447,108.7495071191551,,,
343,2025-08-12 09:37:47.051609,False,65.5073,109.73457235658566,18900.0,-49.0,1.4230769230769946
344,2025-08-12 09:59:12.466445,True,65.573,109.74944984311342,,,
345,2025-08-13 10:06:15.172645,False,65.5712,110.7543422759838,19500.0,-50.0,1.3616965226552342
346,2025-08-13 10:28:07.537173,True,65.532,110.76953168024303,,,
347,2025-08-14 10:06:26.895425,False,65.5523,111.75447795630788,19700.0,-50.0,1.249319264806033
348,2025-08-14 10:27:49.178453,True,65.5782,111.76931919505788,,,
349,2025-08-15 10:06:08.912695,False,65.5868,112.7542698228588,19700.0,-50.0,1.2156932573600523
350,2025-08-15 10:27:32.171061,True,65.5584,112.76912235024308,,,
351,2025-08-16 10:06:50.852609,False,65.5958,113.7547552385301,18900.0,-50.0,1.2190832766051007
352,2025-08-16 10:28:13.736981,True,65.6518,113.7696034372801,,,
353,2025-08-17 10:06:33.700078,False,65.5564,114.75455671386572,18400.0,-49.0,2.173195862275205
354,2025-08-17 10:27:56.263465,True,65.4952,114.76940119751158,,,
355,2025-08-18 10:06:15.133365,False,65.5866,115.75434182135416,17800.0,-47.0,1.735576923076932
356,2025-08-18 10:27:37.340726,True,65.5707,115.76918218432868,,,
357,2025-08-19 10:06:57.336812,False,65.6726,116.75483028717592,17900.0,-47.0,1.5881118881120204
358,2025-08-19 10:28:19.253472,True,65.6539,116.76966728555556,,,
359,2025-08-20 10:06:37.815834,False,65.5673,117.75460434993056,18800.0,-48.0,1.311188811189046
360,2025-08-20 10:28:00.291310,True,65.5591,117.76944781608796,,,
361,2025-08-21 10:06:20.211468,False,65.4996,118.75440059569443,18000.0,-48.0,1.6625025917478873
362,2025-08-21 10:27:42.953544,True,65.6346,118.7692471475,,,
363,2025-08-22 10:06:01.988722,False,65.7895,119.75418968428242,18800.0,-49.0,2.151599259846685
364,2025-08-22 10:27:24.347844,True,65.6841,119.76903180375002,,,
365,2025-08-23 10:06:44.149043,False,65.5589,120.75467765096064,17700.0,-47.0,1.8882625994695592
366,2025-08-23 10:28:06.333778,True,65.6021,120.76951775206018,,,
367,2025-08-24 10:06:24.602518,False,65.6839,121.7544514180324,18600.0,-47.0,1.647792022792064
368,2025-08-24 10:27:46.410895,True,65.6988,121.76928716313655,,,
369,2025-08-25 10:06:06.056931,False,65.6003,122.75423677003472,17500.0,-47.0,1.6301629405078035
370,2025-08-25 10:27:28.282478,True,65.6057,122.76907734349535,,,
371,2025-08-26 10:06:47.141163,False,65.6332,123.75471228197917,18000.0,-46.0,1.6312065860561435
372,2025-08-26 10:28:08.898651,True,65.6622,123.76954743809029,,,
373,2025-08-27 10:06:28.745799,False,65.6513,124.7544993726736,18000.0,-47.0,1.687038988408956
374,2025-08-27 10:27:50.686479,True,65.6658,124.76933664906252,,,
375,2025-08-28 10:06:09.056268,False,65.7119,125.75427148458331,17500.0,-47.0,1.7240159506045516
376,2025-08-28 10:27:31.968509,True,65.6305,125.7691200058912,,,
377,2025-08-29 10:06:51.606614,False,65.6413,126.75476396543982,17800.0,-47.0,1.6553846153847664
378,2025-08-29 10:28:13.804277,True,65.8374,126.76960421616896,,,
379,2025-08-30 10:06:33.006262,False,65.6044,127.75454868358796,18300.0,-47.0,1.6730769230770328
380,2025-08-30 10:27:54.947225,True,65.8533,127.76938596325232,,,
381,2025-08-31 10:06:15.076959,False,65.5817,128.75434116850695,18600.0,-47.0,1.7330950760153263
382,2025-08-31 10:27:37.347241,True,65.689,128.76918225973378,,,
383,2025-09-01 10:06:56.032174,False,65.7399,129.75481518719909,18200.0,-46.0,1.687038988408572
384,2025-09-01 10:28:18.440221,True,65.643,129.76965787292824,,,
385,2025-09-02 10:06:38.397195,False,65.6482,130.75461107864584,17700.0,-47.0,1.621970495258384
386,2025-09-02 10:28:00.917048,True,65.9216,130.76945505842593,,,
387,2025-09-03 15:54:05.595773,False,65.5829,131.99589809922455,19100.0,-47.0,1.6625025917478873
388,2025-09-03 16:23:51.666852,True,65.6572,132.01657021819443,,,
389,2025-09-04 15:54:53.686569,False,65.6081,132.99645470565972,17400.0,-46.0,1.8572027972027985
390,2025-09-04 16:25:39.317617,True,65.6173,133.01781617612266,,,
391,2025-09-05 15:54:02.776285,False,65.643,133.99586546626156,17600.0,-47.0,1.6590236686390645
392,2025-09-05 16:28:30.969392,True,65.6253,134.01980288648147,,,
393,2025-09-06 15:54:55.167527,False,65.6685,134.99647184637732,17600.0,-47.0,1.6730769230770328
394,2025-09-06 16:16:20.361966,True,65.6565,135.0113467820139,,,
395,2025-09-07 15:54:49.029934,False,65.6675,135.99640080942132,17700.0,-47.0,1.5504221388371189
396,2025-09-07 16:16:13.823513,True,65.6645,136.01127110547452,,,
397,2025-09-08 15:54:43.279674,False,65.6624,136.9963342554861,17700.0,-44.0,1.6301629405079312
398,2025-09-08 16:16:08.216755,True,65.6827,137.01120621244215,,,
399,2025-09-09 15:54:36.695869,False,65.7688,137.99625805403937,17300.0,-47.0,1.629370629370802
400,2025-09-09 16:16:01.400068,True,65.7858,138.01112731560184,,,
401,2025-09-10 15:54:29.963987,False,65.7475,138.99618013873845,17900.0,-47.0,1.6301629405079312
402,2025-09-10 16:15:54.990914,True,65.7177,139.0110531355787,,,
403,2025-09-11 15:54:47.594831,False,65.5142,139.99638419943284,17200.0,-46.0,1.7722492697177423
404,2025-09-11 16:15:56.353403,True,65.6369,140.0110689051273,,,
405,2025-09-12 15:54:24.529150,False,65.6211,140.9961172355324,18200.0,-47.0,2.117977023873633
406,2025-09-12 16:15:34.929099,True,65.6039,141.01082093864582,,,
407,2025-09-16 10:54:43.360780,False,65.8033,144.78800186087966,18200.0,-47.0,1.8605769230770195
408,2025-09-16 11:15:49.883048,True,65.7752,144.80266068342593,,,
409,2025-09-17 10:54:19.352588,False,65.896,145.787723988287,17700.0,-47.0,1.6020258367588112
410,2025-09-17 11:26:06.881228,True,65.8441,145.80980186606482,,,
411,2025-09-18 10:54:27.636580,False,65.7645,146.78781986782408,17000.0,-46.0,1.7639318885448485
412,2025-09-18 11:23:36.001618,True,65.8714,146.8080555742824,,,
413,2025-09-19 10:54:58.845369,False,65.7856,147.78818108065974,16700.0,-46.0,1.735576923076932
414,2025-09-19 11:16:09.439920,True,65.8621,147.80288703611112,,,
415,2025-09-20 10:54:37.031741,False,65.7675,148.78792860811342,17600.0,-47.0,1.7228407557355083
416,2025-09-20 11:16:19.055732,True,65.7637,148.80299833023147,,,
417,2025-09-21 10:54:48.441152,False,65.8824,149.78806066148147,16800.0,-46.0,1.8030466724287808
418,2025-09-21 11:15:58.596414,True,65.9155,149.80276153256946,,,
419,2025-09-22 10:54:24.001360,False,65.9429,150.78777779351853,17400.0,-47.0,1.7240159506046375
420,2025-09-22 11:15:34.316407,True,65.9365,150.8024805139699,,,
421,2025-09-23 10:54:01.619705,False,65.8088,151.78751874658568,16900.0,-46.0,1.6301629405079312
422,2025-09-23 11:15:11.822712,True,65.7876,151.8022201702778,,,
423,2025-09-24 10:54:39.907494,False,65.7666,152.78796189229166,16900.0,-46.0,1.6301629405079312
424,2025-09-24 11:15:49.879113,True,65.8384,152.80266063788196,,,
425,2025-09-25 10:54:18.953239,False,65.6246,153.7877193661921,17000.0,-47.0,1.6526653171391288
426,2025-09-25 11:15:29.215764,True,65.6446,153.80242147875,,,
427,2025-09-26 10:54:56.763563,False,65.85,154.78815698568283,17500.0,-47.0,1.5837104072400896
428,2025-09-26 11:16:38.404564,True,65.8477,154.8032222750463,,,
429,2025-09-29 12:12:53.542714,False,65.7555,157.84228637400463,66200.0,-65.0,5.003205128204457
430,2025-09-29 12:33:58.679309,True,65.6638,157.856929158669,,,
431,2025-10-02 09:46:26.913171,False,65.8358,160.7405892728125,12000.0,-36.0,3.472871403406055
432,2025-10-02 10:17:11.091355,True,65.915,160.76193392771992,,,
433,2025-10-03 09:46:33.168326,False,65.8199,161.7406616704398,12100.0,-35.0,3.37598355842662
434,2025-10-03 10:07:42.040720,True,65.8421,161.75534769351853,,,
435,2025-10-04 09:46:02.820475,False,65.8707,162.74031042216436,12200.0,-36.0,3.2156660412759432
436,2025-10-04 10:07:11.776412,True,65.8679,162.75499741217592,,,
437,2025-10-05 09:46:30.604509,False,66.002,163.74063199663198,12400.0,-36.0,3.082829670329872
438,2025-10-05 10:07:39.061785,True,66.0049,163.75531321510417,,,
439,2025-10-06 09:46:59.446254,False,65.8941,164.740965813125,12900.0,-36.0,3.541402714932623
440,2025-10-06 10:08:08.318543,True,65.9289,164.7556518349884,,,
441,2025-10-07 09:46:27.258192,False,65.7921,165.74059326611115,10700.0,-35.0,4.000000000000656
442,2025-10-07 10:07:36.452322,True,65.8065,165.75528301298613,,,
443,2025-10-08 09:46:56.381208,False,65.9547,166.74093033805556,10200.0,-35.0,4.451890482399613
444,2025-10-08 10:08:05.555601,True,65.9829,166.75561985649307,,,
445,2025-10-09 09:46:24.244915,False,65.8449,167.74055839021992,10300.0,-35.0,3.846627218934981
446,2025-10-09 10:07:33.567942,True,65.753,167.75524962895832,,,
447,2025-10-10 09:46:53.776324,False,65.8511,168.74090018893517,9740.0,-33.0,4.6164027149331215
448,2025-10-10 10:08:03.067390,True,65.8913,168.75559105775466,,,
449,2025-10-11 09:46:21.666505,False,65.9263,169.74052854751156,10300.0,-36.0,4.34564194798011
450,2025-10-11 10:07:30.931673,True,65.8986,169.75521911658564,,,
451,2025-10-12 09:46:51.334602,False,66.0221,170.7408719282639,10500.0,-36.0,3.8055113880535054
452,2025-10-12 10:08:00.195558,True,66.0441,170.75555781895835,,,
453,2025-10-13 09:46:19.144247,False,65.9104,171.74049935471064,11000.0,-37.0,3.9346153846155056
454,2025-10-13 10:07:27.832848,True,65.9245,171.75518325055555,,,
455,2025-10-14 09:46:47.875138,False,66.024,172.74083188817127,10900.0,-37.0,3.671623605402708
456,2025-10-14 10:07:56.798331,True,65.6585,172.7555184992014,,,
457,2025-10-15 09:46:15.386581,False,65.9564,173.74045586320602,10600.0,-36.0,3.668163771712246
458,2025-10-15 10:07:23.900157,True,65.9718,173.75513773329865,,,
459,2025-10-16 15:49:09.213538,False,65.7417,174.99246774928238,11100.0,-38.0,3.187011834319601
460,2025-10-16 16:12:59.061387,True,65.7581,175.0090169142014,,,
461,2025-10-17 15:49:18.590545,False,65.7516,175.99257627945605,11400.0,-38.0,2.94326923076943
462,2025-10-17 16:10:28.562462,True,65.7227,176.00727502849537,,,
463,2025-10-18 15:49:48.567912,False,65.6039,176.99292323972222,12000.0,-38.0,4.060897435898146
464,2025-10-18 16:10:58.634218,True,65.6123,177.00762308122685,,,
465,2025-10-19 15:49:17.136269,False,65.7404,177.99255944755785,12100.0,-38.0,3.528062130177596
466,2025-10-19 16:10:27.882481,True,65.7131,178.00726715834492,,,
467,2025-10-20 15:49:48.411447,False,65.685,178.99292142878468,11800.0,-38.0,3.4284090909093634
468,2025-10-20 16:10:58.167033,True,65.6048,179.00761767399305,,,
469,2025-10-21 15:49:16.927428,False,65.8998,179.99255703041666,12100.0,-38.0,3.212769784172726
470,2025-10-21 16:10:27.001294,True,65.8169,180.0072569594213,,,
471,2025-10-22 15:49:46.908585,False,65.7562,180.99290403454864,12200.0,-38.0,3.0828296703298017
472,2025-10-22 16:10:56.867889,True,65.747,181.00760263760407,,,
473,2025-10-23 15:49:15.738739,False,65.831,181.99254327244213,12400.0,-39.0,4.403525641025342
474,2025-10-23 16:10:26.030524,True,65.8412,182.0072457236574,,,
475,2025-10-24 15:49:46.816519,False,65.8477,182.9929029689699,12100.0,-39.0,3.490591715976331
476,2025-10-24 16:10:56.653366,True,65.8439,183.00760015469908,,,
477,2025-10-25 15:49:15.357800,False,65.84,183.99253886342592,11900.0,-38.0,3.581165158371064
478,2025-10-25 16:10:25.796289,True,65.8394,184.0072430126042,,,
479,2025-10-26 15:49:45.726012,False,65.8349,184.9928903473611,12100.0,-39.0,3.0273615635178825
480,2025-10-26 16:10:55.525838,True,65.8515,185.0075871046065,,,
481,2025-10-27 15:49:14.077409,False,65.7481,185.99252404408568,12000.0,-39.0,3.129172099087459
482,2025-10-27 16:10:23.654927,True,65.699,186.00721822832176,,,
483,2025-10-28 15:49:43.766167,False,65.7549,186.9928676639699,12100.0,-39.0,3.249262820512941
484,2025-10-28 16:10:53.907400,True,65.7371,187.0075683726852,,,
485,2025-10-29 15:49:12.316047,False,65.7405,187.9925036579514,12000.0,-39.0,3.0157449392711
486,2025-10-29 16:10:22.388780,True,65.7392,188.0072035738426,,,
487,2025-10-30 15:49:42.363230,False,65.7882,188.99285142627315,12400.0,-39.0,3.167076923077236
488,2025-10-30 16:10:52.268334,True,65.8504,189.0075494020139,,,
489,2025-10-31 15:49:11.036906,False,65.8998,189.9924888530787,12500.0,-39.0,3.241826923077531
490,2025-10-31 16:10:21.268115,True,65.869,190.0071906031829,,,
491,2025-11-01 15:49:41.301232,False,66.0485,190.99283913462963,12000.0,-38.0,3.1674852071005675
492,2025-11-01 16:10:51.255109,True,66.0048,191.00753767487268,,,
493,2025-11-02 15:49:10.247656,False,65.8504,191.9924797182408,12200.0,-38.0,2.925530564760755
494,2025-11-02 16:10:20.152422,True,65.87,192.00717769006943,,,
495,2025-11-03 13:25:50.909812,False,65.737,192.89295034504627,,,
496,2025-11-03 23:24:27.496611,False,15.9714,193.30865158114585,105000.0,-35.0,145.93365384637815
497,2025-11-03 23:45:36.399754,True,16.0957,193.3233379601157,,,
498,2025-11-04 23:24:13.441877,False,66.671,194.30848891061345,10100.0,-48.0,8.541884097775338
499,2025-11-04 23:54:57.438060,True,66.6716,194.3298314590278,,,
500,2025-11-05 23:24:21.107588,False,66.2325,195.3085776341204,9040.0,-45.0,
501,2025-11-09 14:45:22.045318,False,66.4554,198.9481718208102,10400.0,-44.0,2.783699633699458
502,2025-11-09 15:06:32.082793,True,66.3956,198.9628713286227,,,
503,2025-11-10 14:45:55.015312,False,66.307,199.94855341796296,9140.0,-45.0,
504,2025-11-11 11:31:18.113725,False,66.4395,200.81340409403936,10400.0,-43.0,2.8669975186101806
505,2025-11-11 11:52:24.597261,True,66.5085,200.8280624682986,,,
506,2025-11-12 11:31:53.429131,False,66.4665,201.8138128371644,9910.0,-47.0,2.564083916083966
507,2025-11-12 11:53:59.289633,True,66.4752,201.8291584448264,,,
508,2025-11-13 11:31:26.185685,False,66.291,202.8134975195023,9900.0,-47.0,1.3846153846154
509,2025-11-13 11:54:05.477167,True,66.2735,202.8292300598032,,,
510,2025-11-14 11:39:18.086638,False,66.5918,203.818959336088,8840.0,-44.0,3.6272189349116224
511,2025-11-14 12:00:23.412471,True,66.6286,203.83360431100687,,,
512,2025-11-15 17:14:23.711204,False,66.6997,205.0516633241204,8980.0,-45.0,3.218048128342187
513,2025-11-15 17:45:39.123409,True,66.674,205.07336948390045,,,
514,2025-11-16 17:14:01.272226,False,66.6123,206.0514036137268,9160.0,-45.0,3.2171168526131924
515,2025-11-16 17:53:44.800102,True,66.6535,206.0789907419213,,,
516,2025-11-17 17:14:02.989675,False,66.2524,207.0514234916088,8880.0,-45.0,3.096862348178281
517,2025-11-17 17:45:49.696614,True,66.2435,207.0734918589584,,,
518,2025-11-18 23:13:20.499618,False,66.2437,208.3009317085417,8830.0,-45.0,3.198863636363598
519,2025-11-18 23:35:36.349193,True,66.1654,208.3163929304745,,,
520,2025-11-19 23:13:57.464563,False,66.7072,209.30135954355325,8960.0,-45.0,3.058165971959212
521,2025-11-19 23:35:08.515384,True,66.658,209.3160707799074,,,
522,2025-11-21 18:45:21.822192,False,66.2269,211.114835905,10400.0,-44.0,3.279807692307858
523,2025-11-21 19:06:26.340357,True,66.1597,211.12947153190967,,,
524,2025-11-22 18:45:15.075445,False,66.268,212.11475781765049,9330.0,-45.0,2.911433087460491
525,2025-11-22 19:07:25.686661,True,66.269,212.1301584104283,,,
526,2025-11-23 18:45:12.231199,False,66.7125,213.11472489813656,9560.0,-46.0,3.519645550528592
527,2025-11-23 19:06:50.651513,True,66.75,213.1297529110301,,,
528,2025-11-24 18:45:38.524185,False,66.1915,214.1150292151042,9080.0,-45.0,3.0598387096775204
529,2025-11-24 19:06:44.813484,True,66.2633,214.12968534125,,,
530,2025-11-25 18:45:30.992293,False,66.1938,215.11494204042825,8890.0,-45.0,
531,2025-11-26 23:05:22.270734,False,66.3548,216.29539665201392,9860.0,-43.0,3.1921153846152337
532,2025-11-26 23:38:12.626057,True,66.2776,216.31820169047447,,,
533,2025-11-27 23:05:57.802970,False,66.8312,217.2958079047453,9320.0,-45.0,3.406674208144926
534,2025-11-27 23:27:04.328419,True,66.805,217.3104667641088,,,
535,2025-11-28 23:05:53.216055,False,66.2719,218.2957548154513,9150.0,-45.0,3.5667249417258
536,2025-11-28 23:26:59.796122,True,66.2857,218.3104143069676,,,
537,2025-11-29 23:05:50.161209,False,66.3485,219.29571945843747,9140.0,-45.0,3.319251336898473
538,2025-11-29 23:26:57.200003,True,66.2598,219.310384259294,,,
539,2025-11-30 23:05:46.399715,False,66.27,220.29567592262728,9580.0,-46.0,2.75582607048123
540,2025-11-30 23:26:53.136552,True,66.2677,220.3103372286111,,,
541,2025-12-01 23:05:43.447426,False,66.6976,221.2956417526157,9670.0,-46.0,2.20066400863362
542,2025-12-01 23:26:50.243594,True,66.3976,221.31030374530093,,,
543,2025-12-02 23:05:39.579529,False,66.2487,222.2955969852893,9220.0,-46.0,3.2194570135751137
544,2025-12-02 23:26:46.333487,True,66.2096,222.31025848943287,,,
545,2025-12-03 23:05:37.280890,False,66.349,223.2955703806713,9480.0,-46.0,2.8387721893492235
546,2025-12-03 23:26:44.320455,True,66.3966,223.31023519045127,,,
547,2025-12-04 23:05:33.413405,False,66.5019,224.29552561811343,9620.0,-46.0,2.8848499061912256
548,2025-12-04 23:26:40.099502,True,66.4953,224.3101863368288,,,
549,2025-12-05 23:05:30.318968,False,66.4489,225.2954898028704,9190.0,-46.0,2.8591935483871644
550,2025-12-05 23:26:37.132261,True,66.4895,225.3101519937616,,,
551,2025-12-06 23:05:26.375229,False,66.4501,226.29544415774305,9260.0,-46.0,2.8712772521594827
552,2025-12-06 23:26:33.411949,True,66.501,226.3101089345949,,,
553,2025-12-07 23:05:23.365073,False,66.5523,227.29540931797453,9530.0,-46.0,2.9857071960294386
554,2025-12-07 23:26:31.115312,True,66.5598,227.3100823531481,,,
555,2025-12-08 23:05:20.145569,False,66.4815,228.2953720551968,8750.0,-45.0,3.0891700404857225
556,2025-12-08 23:26:27.049546,True,66.4437,228.3100352956713,,,
557,2025-12-09 23:05:11.235462,False,66.4033,229.2952689289583,8860.0,-45.0,3.560267275098122
558,2025-12-09 23:26:14.525640,True,66.4057,229.3098903430556,,,
559,2025-12-10 23:05:56.742545,False,66.424,230.2957956313079,8900.0,-45.0,3.2056818181817137
560,2025-12-10 23:26:59.990594,True,66.4361,230.3104165578009,,,
561,2025-12-11 23:05:33.547127,False,66.4613,231.2955271658217,6310.0,-41.0,4.1182692307693145
562,2025-12-11 23:26:50.872998,True,66.4823,231.3103110300694,,,
563,2025-12-12 23:05:26.625246,False,66.2683,232.29544705145832,7900.0,-43.0,3.8658653846154967
564,2025-12-12 23:40:26.047174,True,66.3531,232.3197459163657,,,
565,2025-12-13 23:05:33.453421,False,66.4872,233.2955260812616,8390.0,-44.0,0.94300699300561
566,2025-12-13 23:26:49.602889,True,66.5291,233.3102963297338,,,
567,2025-12-17 22:28:59.259695,False,66.4558,237.270130320544,8630.0,-45.0,3.3019230769230417
568,2025-12-17 22:50:16.665724,True,66.4856,237.2849151125464,,,
569,2025-12-18 22:28:07.780053,False,66.2812,238.26953449135416,8600.0,-45.0,3.5519699812382752
570,2025-12-18 22:49:24.888280,True,66.2724,238.28431583657408,,,
571,2025-12-19 22:28:18.602376,False,66.3325,239.2696597497222,8550.0,-45.0,3.474085365853772
572,2025-12-19 22:49:35.717908,True,66.3505,239.2844411794908,,,
573,2025-12-21 00:18:19.079517,False,66.3776,240.3460541610764,9190.0,-45.0,3.496594245449376
574,2025-12-21 00:50:38.667123,True,66.3827,240.3685030917014,,,
575,2025-12-22 00:18:37.612274,False,66.3934,241.34626866057863,8460.0,-45.0,3.401003677597344
576,2025-12-22 00:53:04.910447,True,66.3803,241.37019572276623,,,
577,2025-12-23 00:18:02.100591,False,66.3895,242.3458576457292,8690.0,-46.0,3.566724941724917
578,2025-12-23 00:53:32.861000,True,66.4328,242.37051922453705,,,
579,2025-12-24 00:18:31.009341,False,66.3753,243.34619223774308,8420.0,-46.0,3.6193181818183775
580,2025-12-24 00:54:32.919016,True,66.374,243.37121434046293,,,
581,2025-12-25 00:18:29.755243,False,66.2988,244.3461777227199,8760.0,-46.0,3.458231707317229
582,2025-12-25 00:53:27.943504,True,66.3667,244.37046230907404,,,
583,2025-12-26 00:18:26.983857,False,66.4845,245.34614564649303,8440.0,-46.0,3.83572359843603
584,2025-12-26 00:54:29.107466,True,66.5185,245.3711702253009,,,
585,2025-12-27 00:18:26.631966,False,66.5448,246.3461415736805,8490.0,-46.0,3.407337278106644
586,2025-12-27 00:57:07.817748,True,66.5644,246.3730071498611,,,
587,2025-12-28 00:18:06.573834,False,66.5279,247.3459094193749,8650.0,-46.0,4.576442307693327
588,2025-12-28 00:52:33.446870,True,66.5093,247.36983156099527,,,
589,2025-12-29 00:18:30.961885,False,66.5806,248.34619168848383,5370.0,-40.0,7.71955128205089
590,2025-12-29 00:52:57.669453,True,66.5705,248.37011191496524,,,
591,2025-12-30 00:18:56.582160,False,66.5192,249.34648821944444,5340.0,-42.0,10.414644970411228
592,2025-12-30 01:00:16.176852,True,66.4637,249.3751872320833,,,
593,2025-12-31 00:18:13.609375,False,66.5127,250.34599084924767,4850.0,-44.0,8.444230769230435
594,2025-12-31 00:57:26.300761,True,66.5484,250.37322107362263,,,
595,2026-01-01 00:18:25.224482,False,66.4724,251.34612528335649,4870.0,-45.0,7.46623605402183
596,2026-01-01 00:53:55.177447,True,66.5775,251.3707775167477,,,
597,2026-01-02 00:18:52.888693,False,66.4986,252.3464454709838,8310.0,-45.0,4.376923076923386
598,2026-01-02 01:00:44.341823,True,66.4394,252.375513215544,,,
599,2026-01-03 00:18:46.140137,False,66.5069,253.34636736269672,4860.0,-46.0,7.349615384616359
600,2026-01-03 00:59:33.895122,True,66.522,253.3746978602084,,,
601,2026-01-04 00:18:31.389118,False,66.3566,254.3461966333102,5560.0,-45.0,6.692292899408253
602,2026-01-04 00:55:36.833047,True,66.4055,254.3719540861921,,,
603,2026-01-05 00:18:35.785415,False,66.572,255.34624751637733,5840.0,-45.0,5.82965034965051
604,2026-01-05 00:54:05.728725,True,66.5683,255.3708996380209,,,
605,2026-01-06 00:18:03.490399,False,66.5238,256.3458737314699,5660.0,-44.0,6.557692307691261
606,2026-01-06 00:53:01.936526,True,66.52,256.37016130238425,,,
607,2026-01-07 15:06:47.642525,False,66.3171,257.96305141811337,5120.0,-46.0,5.770433831571341
608,2026-01-07 15:35:26.432422,True,66.514,257.98294481969907,,,
