,Measurement Datetime,Pulsing On,Temperature (C),Real Days,Impedance Magnitude at 1000 Hz (ohms),Impedance Phase at 1000 Hz (degrees),Charge Injection Capacity @ 1000 us (uC/cm^2)
0,2025-04-25 15:11:36,False,65.8898,0.9663888888888889,2680.0,-63.0,2.957312048224848
1,2025-04-25 15:19:36,True,65.8898,0.9719444444444444,,,
2,2025-04-26 03:29:47,False,66.0063,1.4790162037037036,5090.0,-64.0,2.453611101061473
3,2025-04-26 03:37:47,True,66.0063,1.484571759259259,,,
4,2025-04-26 15:48:00,False,66.1648,1.9916666666666665,5890.0,-55.0,3.0641823571116413
5,2025-04-26 15:56:00,True,66.1648,1.997222222222222,,,
6,2025-04-27 04:06:11,False,66.1202,2.504293981481481,6650.0,-58.0,2.633823340894128
7,2025-04-27 04:14:11,True,66.1202,2.509849537037037,,,
8,2025-04-27 16:24:24,False,66.1185,3.0169444444444444,7010.0,-55.0,2.842402980144042
9,2025-04-27 16:32:24,True,66.1185,3.0224999999999995,,,
10,2025-04-28 04:42:36,False,66.0473,3.529583333333333,7310.0,-54.0,2.383375675363789
11,2025-04-28 04:50:36,True,66.0473,3.535138888888889,,,
12,2025-04-28 17:00:50,False,66.1792,4.04224537037037,13500.0,-52.0,2.2045030957686875
13,2025-04-28 17:08:50,True,66.1792,4.047800925925926,,,
14,2025-04-29 05:18:48,False,66.3271,4.554722222222222,11800.0,-60.0,1.757821401627904
15,2025-04-29 05:26:48,True,66.3271,4.560277777777778,,,
16,2025-04-29 17:36:46,False,66.1225,5.067199074074074,12700.0,-57.0,2.3035296772922056
17,2025-04-29 17:44:46,True,66.1225,5.072754629629629,,,
18,2025-04-30 05:55:03,False,66.3543,5.579895833333333,8990.0,-53.0,2.497502497502517
19,2025-04-30 06:03:03,True,66.3543,5.585451388888889,,,
20,2025-04-30 18:13:18,False,66.2518,6.092569444444444,9450.0,-52.0,2.393790272578095
21,2025-04-30 18:21:18,True,66.2518,6.098125,,,
22,2025-05-01 06:31:33,False,66.3568,6.605243055555555,9890.0,-52.0,2.633808130637062
23,2025-05-01 06:39:33,True,66.3568,6.610798611111111,,,
24,2025-05-01 18:49:48,False,66.3067,7.117916666666666,10200.0,-51.0,2.383979656707095
25,2025-05-01 18:57:48,True,66.3067,7.1234722222222215,,,
26,2025-05-02 07:08:05,False,66.3384,7.630613425925926,10300.0,-51.0,2.35337053518852
27,2025-05-02 07:16:05,True,66.3384,7.636168981481482,,,
28,2025-05-02 19:26:21,False,66.23,8.143298611111112,10400.0,-50.0,2.3839796567064173
29,2025-05-02 19:34:21,True,66.23,8.148854166666668,,,
30,2025-05-03 07:44:25,False,66.3424,8.655844907407408,10600.0,-50.0,2.2460539394581325
31,2025-05-03 07:52:25,True,66.3424,8.661400462962963,,,
32,2025-05-03 20:02:41,False,66.2167,9.168530092592592,10900.0,-50.0,2.1057904981888056
33,2025-05-03 20:10:41,True,66.2167,9.174085648148148,,,
34,2025-05-04 08:20:57,False,66.2884,9.68121527777778,11600.0,-51.0,2.138081316967013
35,2025-05-04 08:28:57,True,66.2884,9.686770833333334,,,
36,2025-05-04 20:39:13,False,66.2999,10.193900462962963,11400.0,-50.0,1.7319107071593591
37,2025-05-04 20:47:13,True,66.2999,10.19945601851852,,,
38,2025-05-05 16:06:55,False,66.2206,11.00480324074074,13100.0,-54.0,-0.5182771168585243
39,2025-05-05 16:14:55,True,66.2206,11.010358796296297,,,
40,2025-05-05 17:10:53,False,66.171,11.049224537037036,9280.0,-42.0,2.2732598490174065
41,2025-05-05 17:18:53,True,66.171,11.054780092592592,,,
42,2025-05-06 05:28:37,False,66.3349,11.56153935185185,12100.0,-49.0,2.3277543694632987
43,2025-05-06 05:36:37,True,66.3349,11.567094907407409,,,
44,2025-05-06 17:46:21,False,66.2448,12.073854166666663,12900.0,-48.0,2.0804276597504443
45,2025-05-06 17:54:21,True,66.2448,12.079409722222222,,,
46,2025-05-07 06:04:10,False,66.2984,12.586226851851851,13200.0,-47.0,1.9921246705215965
47,2025-05-07 06:12:10,True,66.2984,12.591782407407408,,,
48,2025-05-07 18:21:58,False,66.4135,13.098587962962965,13400.0,-47.0,1.7993823697923672
49,2025-05-07 18:29:58,True,66.4135,13.10414351851852,,,
50,2025-05-08 06:39:46,False,66.2348,13.610949074074073,14700.0,-56.0,1.3441249543275389
51,2025-05-08 06:47:46,True,66.2348,13.61650462962963,,,
52,2025-05-08 18:57:35,False,66.2818,14.123321759259255,14500.0,-54.0,2.203835720506322
53,2025-05-08 19:05:35,True,66.2818,14.128877314814812,,,
54,2025-05-09 07:15:23,False,66.344,14.635682870370372,14300.0,-51.0,1.418971804646701
55,2025-05-09 07:23:23,True,66.344,14.641238425925929,,,
56,2025-05-09 19:33:11,False,66.2451,15.14804398148148,14000.0,-50.0,1.4948028621347835
57,2025-05-09 19:41:11,True,66.2451,15.15359953703704,,,
58,2025-05-10 07:50:59,False,66.2928,15.660405092592592,14900.0,-58.0,0.8556953965241295
59,2025-05-10 07:58:59,True,66.2928,15.665960648148149,,,
60,2025-05-10 20:08:47,False,66.3215,16.172766203703706,14200.0,-56.0,2.2220805665003707
61,2025-05-10 20:16:47,True,66.3215,16.17832175925926,,,
62,2025-05-11 08:26:35,False,66.2775,16.685127314814814,14800.0,-53.0,1.337811255166867
63,2025-05-11 08:34:35,True,66.2775,16.69068287037037,,,
64,2025-05-11 20:44:23,False,66.296,17.19748842592593,14200.0,-54.0,1.0943296067267254
65,2025-05-11 20:52:23,True,66.296,17.203043981481482,,,
66,2025-05-12 09:02:11,False,66.2265,17.709849537037037,14800.0,-53.0,0.8857922329993633
67,2025-05-12 09:10:11,True,66.2265,17.715405092592594,,,
68,2025-05-12 21:20:00,False,66.3737,18.22222222222222,15600.0,-58.0,0.8556953965241295
69,2025-05-12 21:28:00,True,66.3737,18.22777777777777,,,
70,2025-05-13 09:37:48,False,66.3295,18.734583333333333,15500.0,-56.0,0.9043740248919075
71,2025-05-13 09:45:48,True,66.3295,18.74013888888889,,,
72,2025-05-13 21:55:36,False,66.3366,19.24694444444444,14200.0,-61.0,1.1568794222922023
73,2025-05-13 22:03:36,True,66.3366,19.2525,,,
74,2025-05-14 09:28:13,False,66.208,19.72792824074074,18900.0,-60.0,1.4384126573434337
75,2025-05-14 09:36:13,True,66.208,19.73348379629629,,,
76,2025-05-14 21:46:07,False,66.3308,20.24035879629629,16400.0,-54.0,1.1398865393358626
77,2025-05-14 21:54:07,True,66.3308,20.24591435185185,,,
78,2025-05-15 10:03:48,False,66.3492,20.75263888888889,17100.0,-54.0,0.9722081045069362
79,2025-05-15 10:11:48,True,66.3492,20.758194444444445,,,
80,2025-05-15 22:21:28,False,66.3261,21.26490740740741,17000.0,-54.0,0.5840201918639663
81,2025-05-15 22:29:28,True,66.3261,21.270462962962963,,,
82,2025-05-19 09:28:40,False,66.1786,24.72824074074074,31700.0,-70.0,1.3670255724949791
83,2025-05-19 09:36:40,True,66.1786,24.73379629629629,,,
84,2025-05-19 21:46:29,False,66.3026,25.240613425925925,15300.0,-60.0,0.4662663695738874
85,2025-05-19 21:54:29,True,66.3026,25.24616898148148,,,
86,2025-05-20 10:04:16,False,66.2727,25.752962962962965,16000.0,-56.0,0.8070167681545589
87,2025-05-20 10:12:16,True,66.2727,25.75851851851852,,,
88,2025-05-20 11:35:34,False,66.2021,25.81636574074074,15900.0,-56.0,0.8851089782351435
89,2025-05-20 11:43:34,True,66.2021,25.821921296296296,,,
90,2025-05-20 23:53:16,False,66.4137,26.32865740740741,15500.0,-57.0,1.0863353190739538
91,2025-05-21 00:01:16,True,66.4137,26.334212962962965,,,
92,2025-05-21 12:10:58,False,66.2364,26.840949074074075,17000.0,-56.0,1.1237858892485508
93,2025-05-21 12:18:58,True,66.2364,26.84650462962963,,,
94,2025-05-22 00:28:43,False,66.3422,27.35327546296297,15100.0,-57.0,1.071247903203707
95,2025-05-22 00:36:43,True,66.3422,27.35883101851852,,,
96,2025-05-22 12:46:30,False,66.284,27.865625,15800.0,-56.0,1.056980660710161
97,2025-05-22 12:54:30,True,66.284,27.871180555555554,,,
98,2025-05-23 01:04:13,False,66.3585,28.37792824074074,15600.0,-60.0,2.035162242999464
99,2025-05-23 01:12:13,True,66.3585,28.3834837962963,,,
100,2025-05-23 13:21:58,False,66.3078,28.890254629629627,15700.0,-57.0,0.8017948789297719
101,2025-05-23 13:29:58,True,66.3078,28.895810185185184,,,
102,2025-05-24 01:39:43,False,66.4325,29.40258101851852,17100.0,-54.0,0.8063069714065719
103,2025-05-24 01:47:43,True,66.4325,29.408136574074074,,,
104,2025-05-24 13:57:28,False,66.3871,29.91490740740741,16400.0,-61.0,-0.0484620784007833
105,2025-05-24 14:05:28,True,66.3871,29.92046296296296,,,
106,2025-05-25 02:15:14,False,66.4583,30.42724537037037,18700.0,-57.0,2.08018429094235
107,2025-05-25 02:23:14,True,66.4583,30.43280092592592,,,
108,2025-05-25 14:32:59,False,66.3812,30.93957175925925,12300.0,-58.0,1.7561002409488344
109,2025-05-25 14:40:59,True,66.3812,30.94512731481481,,,
110,2025-05-26 02:50:45,False,66.4252,31.451909722222226,13400.0,-60.0,2.1104366024152426
111,2025-05-26 02:58:45,True,66.4252,31.45746527777777,,,
112,2025-05-26 15:08:30,False,66.2288,31.96423611111111,9150.0,-64.0,1.586991828388906
113,2025-05-26 15:16:30,True,66.2288,31.969791666666666,,,
114,2025-05-27 03:26:16,False,66.4626,32.47657407407407,8620.0,-66.0,1.2401772651327727
115,2025-05-27 03:34:16,True,66.4626,32.48212962962963,,,
116,2025-05-27 15:44:02,False,66.2697,32.98891203703703,10900.0,-66.0,1.2812031384853455
117,2025-05-27 15:52:02,True,66.2697,32.99446759259259,,,
118,2025-05-27 16:36:09,False,66.0988,33.02510416666667,10800.0,-66.0,1.146406357049442
119,2025-05-27 16:44:09,True,66.0988,33.030659722222225,,,
120,2025-05-28 04:53:57,False,66.3269,33.53746527777778,11100.0,-67.0,1.2812031384853455
121,2025-05-28 05:01:57,True,66.3269,33.54302083333333,,,
122,2025-05-28 16:35:14,False,66.218,34.02446759259259,11000.0,-66.0,1.0943296067265822
123,2025-05-28 16:43:14,True,66.218,34.030023148148146,,,
124,2025-05-29 04:52:57,False,66.342,34.53677083333333,11100.0,-67.0,0.9530526532612704
125,2025-05-29 05:00:57,True,66.342,34.54232638888889,,,
126,2025-05-29 17:10:39,False,66.3339,35.0490625,11300.0,-66.0,0.9202357687205508
127,2025-05-29 17:18:39,True,66.3339,35.05461805555556,,,
128,2025-05-30 05:28:22,False,66.3984,35.56136574074074,11400.0,-66.0,0.8556953965231617
129,2025-05-30 05:36:22,True,66.3984,35.56692129629629,,,
130,2025-05-30 10:28:59,False,66.1801,35.770127314814815,11400.0,-67.0,0.9257423724674284
131,2025-05-30 10:36:59,True,66.1801,35.77568287037037,,,
132,2025-05-30 22:46:47,False,66.2883,36.282488425925926,11500.0,-67.0,0.9257423724674284
133,2025-05-30 22:54:47,True,66.2883,36.28804398148148,,,
134,2025-05-31 11:04:35,False,66.4033,36.79484953703704,11500.0,-67.0,0.1788994658863595
135,2025-05-31 11:12:35,True,66.4033,36.80040509259259,,,
136,2025-05-31 23:22:23,False,66.3016,37.30721064814815,11700.0,-66.0,2.1180170251529127
137,2025-05-31 23:30:23,True,66.3016,37.3127662037037,,,
138,2025-06-01 11:40:10,False,66.413,37.81956018518518,9780.0,-64.0,1.2148535517819723
139,2025-06-01 11:48:10,True,66.413,37.825115740740735,,,
140,2025-06-01 23:57:58,False,66.4514,38.33192129629629,10100.0,-65.0,0.9873047063133874
141,2025-06-02 00:05:58,True,66.4514,38.337476851851854,,,
142,2025-06-02 12:15:45,False,66.3577,38.84427083333333,10400.0,-65.0,0.1788994658863595
143,2025-06-02 12:23:45,True,66.3577,38.84982638888889,,,
144,2025-06-02 18:38:34,False,66.2617,39.11011574074074,16700.0,-67.0,0.4724623211646601
145,2025-06-02 18:46:34,True,66.2617,39.11567129629629,,,
146,2025-06-03 06:56:17,False,66.4472,39.62241898148148,12400.0,-65.0,0.03059581898787
147,2025-06-03 07:04:17,True,66.4472,39.62797453703704,,,
148,2025-06-03 15:53:58,False,66.153,39.99581018518519,22100.0,-71.0,2.186393104651041
149,2025-06-03 16:01:58,True,66.153,40.001365740740745,,,
150,2025-06-03 19:53:49,False,66.25580000000001,40.16237268518518,11200.0,-68.0,1.6345534504222134
151,2025-06-03 20:01:49,True,66.25580000000001,40.16792824074074,,,
152,2025-06-04 19:53:09,False,66.2422,41.16190972222223,13100.0,-71.0,1.192337946980969
153,2025-06-04 20:01:09,True,66.2422,41.16746527777778,,,
154,2025-06-06 15:50:59,False,66.1866,42.993738425925926,21800.0,-71.0,0.6162850515476513
155,2025-06-06 15:56:09,False,66.2594,42.997326388888894,21500.0,-71.0,
156,2025-06-06 15:56:19,True,66.2594,42.99744212962963,,,
157,2025-06-06 15:58:59,True,66.1866,42.99929398148148,,,
158,2025-06-06 16:22:49,False,66.1883,43.015844907407406,14800.0,-70.0,0.7600645559183734
159,2025-06-06 16:30:49,True,66.1883,43.02140046296296,,,
160,2025-06-06 19:53:13,False,66.3152,43.16195601851852,14000.0,-71.0,0.7109107256932978
161,2025-06-06 20:01:13,True,66.3152,43.16751157407408,,,
162,2025-06-07 07:53:53,False,66.3807,43.66241898148149,15200.0,-72.0,0.607366309846012
163,2025-06-07 08:01:53,True,66.3807,43.66797453703703,,,
164,2025-06-07 19:53:11,False,66.4066,44.16193287037037,16000.0,-71.0,0.9852876985747784
165,2025-06-07 20:01:11,True,66.4066,44.16748842592593,,,
166,2025-06-08 07:53:49,False,66.4125,44.66237268518518,13700.0,-68.0,1.0329629097959616
167,2025-06-08 08:01:49,True,66.4125,44.667928240740736,,,
168,2025-06-08 19:53:08,False,66.4216,45.16189814814815,17000.0,-69.0,0.6885268593261448
169,2025-06-08 20:01:08,True,66.4216,45.1674537037037,,,
170,2025-06-09 07:53:48,False,66.3601,45.66236111111112,17800.0,-68.0,0.4662663695738874
171,2025-06-09 08:01:48,True,66.3601,45.66791666666666,,,
172,2025-06-09 15:01:50,False,66.1238,45.95960648148148,22600.0,-69.0,0.1255159709939231
173,2025-06-09 15:09:50,True,66.1238,45.96516203703703,,,
174,2025-06-09 15:09:50,True,66.1238,45.96516203703703,,,5.955043833831548
175,2025-06-09 19:53:05,False,66.3216,46.16186342592592,1430.0,-11.0,5.6149424836290365
176,2025-06-09 20:01:05,True,66.3216,46.16741898148148,,,
177,2025-06-10 07:53:11,False,66.3803,46.66193287037037,7160.0,-69.0,4.481489329974006
178,2025-06-10 08:01:11,True,66.3803,46.66748842592593,,,
179,2025-06-11 19:52:59,False,65.7371,48.16179398148148,9780.0,-70.0,3.465249622185808
180,2025-06-11 20:00:59,True,65.7371,48.16734953703704,,,
181,2025-06-12 07:53:22,False,65.6826,48.66206018518519,11500.0,-74.0,-0.7074435104736699
182,2025-06-12 08:01:22,True,65.6826,48.667615740740736,,,
183,2025-06-12 19:53:37,False,65.7277,49.1622337962963,13500.0,-73.0,0.8508479582856556
184,2025-06-12 20:01:37,True,65.7277,49.16778935185186,,,
185,2025-06-13 07:53:55,False,65.7365,49.66244212962963,14400.0,-74.0,1.0750143464144868
186,2025-06-13 08:01:55,True,65.7365,49.66799768518519,,,
187,2025-06-13 19:53:38,False,65.7447,50.16224537037037,11600.0,-71.0,1.1179269277496555
188,2025-06-13 20:01:38,True,65.7447,50.16780092592592,,,
189,2025-06-14 07:53:29,False,65.8512,50.662141203703705,14400.0,-71.0,0.7284019823205736
190,2025-06-14 08:01:29,True,65.8512,50.66769675925926,,,
191,2025-06-14 19:53:12,False,65.7202,51.16194444444444,14400.0,-74.0,0.7284019823205736
192,2025-06-14 20:01:12,True,65.7202,51.1675,,,
193,2025-06-15 07:53:02,False,65.8089,51.66182870370371,14800.0,-74.0,0.7284019823205736
194,2025-06-15 08:01:02,True,65.8089,51.66738425925926,,,
195,2025-06-15 19:53:53,False,65.7783,52.16241898148149,14800.0,-74.0,0.7055634761264649
196,2025-06-15 20:01:53,True,65.7783,52.16797453703703,,,
197,2025-06-16 07:53:42,False,65.7325,52.66229166666667,14800.0,-73.0,1.1518103959368655
198,2025-06-16 08:01:42,True,65.7325,52.66784722222221,,,
199,2025-06-16 19:53:34,False,65.7627,53.16219907407408,15300.0,-73.0,1.0770932543722562
200,2025-06-16 20:01:34,True,65.7627,53.16775462962963,,,
201,2025-06-17 07:53:28,False,65.8478,53.662129629629625,15500.0,-72.0,2.178984234112245
202,2025-06-17 08:01:28,True,65.8478,53.66768518518518,,,
203,2025-06-17 19:53:02,False,65.8135,54.16182870370371,14200.0,-73.0,0.769687408806108
204,2025-06-17 20:01:02,True,65.8135,54.16738425925926,,,
205,2025-06-18 07:53:08,False,65.8586,54.66189814814815,14500.0,-73.0,1.0519998864989686
206,2025-06-18 08:01:08,True,65.8586,54.6674537037037,,,
207,2025-06-18 19:53:51,False,65.8653,55.162395833333335,15100.0,-72.0,1.1706835671674796
208,2025-06-18 20:01:51,True,65.8653,55.167951388888895,,,
209,2025-06-19 07:53:54,False,65.8227,55.66243055555555,15400.0,-72.0,2.1804212135857663
210,2025-06-19 08:01:54,True,65.8227,55.66798611111111,,,
211,2025-06-19 19:53:38,False,65.6951,56.16224537037037,13600.0,-71.0,1.2823612023153683
212,2025-06-19 20:01:38,True,65.6951,56.16780092592592,,,
213,2025-06-20 07:53:55,False,65.8688,56.66244212962963,14700.0,-71.0,1.118712074423017
214,2025-06-20 08:01:55,True,65.8688,56.66799768518519,,,
215,2025-06-20 19:53:54,False,65.7226,57.16243055555555,15300.0,-70.0,1.1787522165272108
216,2025-06-20 20:01:54,True,65.7226,57.16798611111111,,,
217,2025-06-21 07:53:52,False,65.7349,57.66240740740741,15600.0,-72.0,0.9459499092674192
218,2025-06-21 08:01:52,True,65.7349,57.66796296296297,,,
219,2025-06-21 19:53:52,False,65.6239,58.16240740740741,15600.0,-71.0,1.113418843349914
220,2025-06-21 20:01:52,True,65.6239,58.16796296296297,,,
221,2025-06-22 07:53:52,False,65.7003,58.66240740740741,16300.0,-71.0,2.1922534083186096
222,2025-06-22 08:01:52,True,65.7003,58.66796296296297,,,
223,2025-06-22 19:53:52,False,65.7374,59.16240740740741,15300.0,-69.0,2.180966242241513
224,2025-06-22 20:01:52,True,65.7374,59.16796296296297,,,
225,2025-06-23 07:53:52,False,65.8257,59.66240740740741,15000.0,-70.0,1.1158567613528845
226,2025-06-23 08:01:52,True,65.8257,59.66796296296297,,,
227,2025-06-23 19:53:25,False,65.7004,60.16209490740741,15200.0,-70.0,1.229682406269267
228,2025-06-23 20:01:25,True,65.7004,60.16765046296297,,,
229,2025-06-24 07:52:59,False,65.8005,60.66179398148148,15700.0,-70.0,2.1776664685038267
230,2025-06-24 08:00:59,True,65.8005,60.66734953703704,,,
231,2025-06-24 19:53:30,False,65.8831,61.16215277777778,15000.0,-69.0,1.105567221269922
232,2025-06-24 20:01:30,True,65.8831,61.16770833333334,,,
233,2025-06-25 07:53:31,False,65.8484,61.66216435185185,15600.0,-69.0,0.4744770584994617
234,2025-06-25 08:01:31,True,65.8484,61.66771990740741,,,
235,2025-06-25 19:53:34,False,65.8096,62.16219907407408,15800.0,-69.0,1.051999886498968
236,2025-06-25 20:01:34,True,65.8096,62.16775462962963,,,
237,2025-06-26 19:53:07,False,65.8144,63.16188657407408,16300.0,-69.0,0.0438592238951893
238,2025-06-26 20:01:07,True,65.8144,63.16744212962963,,,
239,2025-06-27 07:53:12,False,65.9013,63.66194444444444,16600.0,-69.0,1.1884386617631983
240,2025-06-27 08:01:12,True,65.9013,63.6675,,,
241,2025-06-30 13:04:09.749887,False,65.7594875,66.87789062369214,2890.0,-67.0,
242,2025-06-30 14:08:48.174355,False,65.712625,66.92277979577547,3310.0,-71.0,
243,2025-06-30 14:26:43.968704,False,65.5610875,66.93523111925926,3280.0,-70.0,
244,2025-06-30 14:29:40.916034,False,65.6356875,66.93727912076389,3280.0,-70.0,5.774260939550539
245,2025-06-30 14:53:26.817815,False,65.60925,66.95378261359954,3320.0,-70.0,
246,2025-06-30 16:32:10.616482,False,65.683875,67.0223450981713,3480.0,-70.0,6.093855734328811
247,2025-06-30 16:45:47.166858,False,65.60955,67.03179591270833,3500.0,-71.0,5.348747772990686
248,2025-06-30 17:10:10.861781,False,65.6281875,67.04873682616899,3480.0,-68.0,5.338038378116635
249,2025-06-30 17:32:31.858263,False,65.681825,67.06425761878471,3480.0,-69.0,
250,2025-06-30 17:53:38.613671,False,65.70435,67.07891913971065,3530.0,-70.0,
251,2025-06-30 17:58:35.345119,False,65.7398625,67.0823535314699,3550.0,-70.0,
252,2025-06-30 18:11:16.609875,False,65.79655,67.09116446614583,3580.0,-70.0,5.408860092055704
253,2025-06-30 18:20:47.930579,False,65.7144625,67.09777697429398,3260.0,-68.0,7.940712486168339
254,2025-06-30 18:41:01.046793,True,65.7396625,67.11181767121528,,,
255,2025-07-01 06:55:44.704227,False,65.8125375,67.6220451878125,3980.0,-70.0,5.682308712611205
256,2025-07-01 07:21:09.158058,True,65.77646250000001,67.639689329375,,,
257,2025-07-01 20:48:59.206399,False,65.73882499999999,68.20068525924769,4230.0,-70.0,4.49973754570563
258,2025-07-01 21:09:13.316081,True,65.827575,68.21473745464121,,,
259,2025-07-02 09:57:32.939511,False,65.7541125,68.74829791100696,4420.0,-69.0,4.338432713087236
260,2025-07-02 10:27:13.595733,True,65.8684,68.76890735802084,,,
261,2025-07-02 10:50:14.201688,False,65.66295,68.78488659361112,4460.0,-70.0,5.793168671957596
262,2025-07-02 11:11:18.308211,True,65.8455125,68.79951745614584,,,
263,2025-07-02 17:36:57.201556,False,65.7596125,69.06732872171297,4100.0,-66.0,4.919042797830633
264,2025-07-02 18:00:10.180798,True,65.867975,69.08345116664351,,,
265,2025-07-03 17:36:30.662284,False,65.947975,70.06702155421296,4980.0,-70.0,4.354268282007292
266,2025-07-03 18:00:14.785608,True,65.923875,70.08350446305555,,,
267,2025-07-04 17:36:34.439452,False,65.9089,71.0670652714352,5970.0,-71.0,2.930604089249393
268,2025-07-04 17:57:40.110018,True,65.9133875,71.08171423631944,,,
269,2025-07-05 17:36:01.514532,False,65.9021875,72.06668419597221,6660.0,-71.0,3.3732359935570395
270,2025-07-05 17:58:10.608664,True,65.8872125,72.08206722990741,,,
271,2025-07-06 17:36:30.017255,False,65.89308750000001,73.06701408859954,7040.0,-70.0,2.748577817448412
272,2025-07-06 18:01:17.744910,True,65.885925,73.08423315868055,,,
273,2025-07-07 17:36:37.495217,False,65.8999,74.06710063908564,7340.0,-69.0,2.917820730089596
274,2025-07-07 18:00:53.497271,True,65.8056875,74.08395251471066,,,
275,2025-07-08 17:36:14.519524,False,65.8359625,75.06683471671296,7630.0,-69.0,2.441582176686911
276,2025-07-08 17:58:55.390726,True,65.82135,75.08258554081019,,,
277,2025-07-09 17:36:14.947127,False,65.838325,76.06683966582177,7880.0,-68.0,2.7446640637368303
278,2025-07-09 17:59:58.866153,True,65.7988125,76.08332021010418,,,
279,2025-07-10 17:36:18.460445,False,65.7856625,77.06688032922452,8150.0,-68.0,2.6959099613350808
280,2025-07-10 17:57:55.883694,True,65.793875,77.08189680201389,,,
281,2025-07-11 17:36:17.460215,False,65.7503625,78.06686875248845,8370.0,-67.0,2.4528884845194723
282,2025-07-11 18:00:02.237960,True,65.99325,78.08335923564815,,,
283,2025-07-12 17:36:22.177365,False,65.8765875,79.06692334913194,715.0,89.0,4.9445503990954505
284,2025-07-12 18:02:13.381443,True,65.87435,79.08487710003472,,,
285,2025-07-15 13:29:19.018812,False,65.97793750000001,81.89535901402778,3310.0,-72.0,12.930391718241667
286,2025-07-15 13:50:23.216220,True,65.94811250000001,81.90999092847223,,,
287,2025-07-16 13:29:54.006214,False,65.9521625,82.8957639608102,3660.0,-71.0,6.08377100571678
288,2025-07-16 13:50:58.497402,True,65.936025,82.9103992754861,,,
289,2025-07-17 13:29:55.539157,False,66.008,83.89578170320603,4070.0,-70.0,4.680214122194702
290,2025-07-17 13:50:59.413470,True,65.9253,83.910409878125,,,
291,2025-07-17 14:43:00.144775,False,65.9120625,83.94652945341436,4040.0,-70.0,4.171964399237057
292,2025-07-17 15:13:42.982628,True,65.88965,83.96785859523149,,,
293,2025-07-17 15:24:03.258873,False,65.7400375,83.97503771843749,4050.0,-70.0,4.774826744523344
294,2025-07-17 15:45:08.078460,True,65.799525,83.98967683402778,,,
295,2025-07-18 15:24:27.960298,False,65.8386625,84.97532361456018,4350.0,-70.0,4.051637411669395
296,2025-07-18 15:45:32.528058,True,65.795775,84.9899598154861,,,
297,2025-07-19 15:24:52.237659,False,65.9593625,85.97560460253472,4690.0,-71.0,4.245996076061225
298,2025-07-19 15:45:57.872834,True,65.9925,85.99025315780092,,,
299,2025-07-20 15:24:18.913693,False,66.07385,86.9752189084838,4990.0,-70.0,3.7979569660009376
300,2025-07-20 15:45:23.724825,True,66.062575,86.9898579262153,,,
301,2025-07-21 15:24:43.311645,False,66.0153875,87.9755012921875,5240.0,-70.0,4.817993454346925
302,2025-07-21 15:45:48.685997,True,66.012525,87.99014682866898,,,
303,2025-07-23 09:37:45.722296,False,65.687225,89.73455697101852,5710.0,-70.0,1.91593013883792
304,2025-07-23 09:59:20.112040,True,64.91635,89.74953833379628,,,
305,2025-07-24 09:37:50.610007,False,65.3797625,90.73461354174768,6140.0,-68.0,3.824985999674877
306,2025-07-24 09:59:24.663259,True,65.4384125,90.74959100994212,,,
307,2025-07-25 09:37:55.195866,False,65.66482500000001,91.73466661881945,6320.0,-69.0,3.203493102482564
308,2025-07-25 09:59:29.342344,True,65.6209875,91.74964516601852,,,
309,2025-07-26 09:37:59.616341,False,65.4303125,92.73471778172456,6460.0,-69.0,2.8633359195073824
310,2025-07-26 09:59:34.178355,True,65.47183749999999,92.74970113836804,,,
311,2025-07-27 09:37:04.723292,False,65.55485,93.73408244550926,6610.0,-69.0,2.8811307437262097
312,2025-07-27 09:58:38.848769,True,65.5674625,93.7490607496412,,,
313,2025-07-28 09:37:08.836818,False,65.45570000000001,94.7341300557639,6720.0,-68.0,2.9287141029564685
314,2025-07-28 09:58:42.525131,True,65.4872625,94.74910330012732,,,
315,2025-07-29 09:37:13.210995,False,65.4887875,95.7341806828125,6840.0,-68.0,2.7027869393838952
316,2025-07-29 09:58:47.442568,True,65.4876375,95.7491602149074,,,
317,2025-07-30 09:37:16.281407,False,65.5675375,96.7342162199884,4200.0,-60.0,2.168146107540062
318,2025-07-30 09:58:50.300327,True,65.5270625,96.74919329082176,,,
319,2025-07-31 09:37:21.116185,False,65.534925,97.73427217806714,6060.0,-68.0,2.7171374203339616
320,2025-07-31 09:58:54.933036,True,65.604975,97.7492469101389,,,
321,2025-08-01 09:37:24.235484,False,65.6120875,98.7343082810648,6550.0,-68.0,2.8012897562048376
322,2025-08-01 09:59:30.432293,True,65.6109,98.74965778116898,,,
323,2025-08-02 09:37:01.257150,False,65.5053125,99.734042328125,5470.0,-66.0,3.360581872978951
324,2025-08-02 09:58:36.064711,True,65.5352125,99.7490285267477,,,
325,2025-08-03 09:37:06.088100,False,65.636275,100.73409824189814,4620.0,-62.0,5.050505050506132
326,2025-08-03 09:58:40.524199,True,65.5894625,100.74908014119212,,,
327,2025-08-04 09:37:11.370386,False,65.723,101.7341593794676,5060.0,-64.0,5.278503763352854
328,2025-08-04 09:58:46.031275,True,65.6623375,101.7491438804977,,,
329,2025-08-05 09:37:15.824631,False,65.6787,102.73421093322918,5300.0,-64.0,4.227542360266477
330,2025-08-05 09:58:49.778555,True,65.59835,102.74918725179398,,,
331,2025-08-06 09:37:20.570027,False,65.5417375,103.73426585679398,5340.0,-64.0,3.85406271187198
332,2025-08-06 09:58:54.729058,True,65.5479375,103.7492445492824,,,
333,2025-08-07 09:37:12.700136,False,65.5974125,104.7341747700926,4410.0,-59.0,4.328443722382541
334,2025-08-07 09:58:37.092145,True,65.513775,104.74904041834492,,,
335,2025-08-08 09:37:06.665264,False,65.6206125,105.73410492203702,5540.0,-64.0,4.05486164151962
336,2025-08-08 09:58:32.958748,True,65.6171875,105.74899257810183,,,
337,2025-08-09 09:37:01.112584,False,65.6754375,106.7340406549074,5520.0,-63.0,4.020880914820412
338,2025-08-09 09:58:27.053317,True,65.7552625,106.74892422820602,,,
339,2025-08-10 09:37:56.949370,False,65.5536125,107.73468691400464,5610.0,-64.0,4.5782265655417005
340,2025-08-10 09:59:23.189953,True,65.5302125,107.74957395778937,,,
341,2025-08-11 09:37:50.941841,False,65.608575,108.734617382419,5730.0,-64.0,3.2664485208797096
342,2025-08-11 09:59:17.415095,True,65.544425,108.7495071191551,,,
343,2025-08-12 09:37:47.051609,False,65.506225,109.73457235658566,5480.0,-60.0,2.7809179870897185
344,2025-08-12 09:59:12.466445,True,65.5646,109.74944984311342,,,
345,2025-08-13 10:06:15.172645,False,65.56335,110.7543422759838,5740.0,-61.0,3.586325135146486
346,2025-08-13 10:28:07.537173,True,65.5365125,110.76953168024303,,,
347,2025-08-14 10:06:26.895425,False,65.545225,111.75447795630788,5740.0,-48.0,5.518009751520551
348,2025-08-14 10:27:49.178453,True,65.574275,111.76931919505788,,,
349,2025-08-15 10:06:08.912695,False,65.5861625,112.7542698228588,5080.0,-56.0,3.160719672240192
350,2025-08-15 10:27:32.171061,True,65.5572,112.76912235024308,,,
351,2025-08-16 10:06:50.852609,False,65.6048,113.7547552385301,5260.0,-56.0,0.0
352,2025-08-16 10:28:13.736981,True,65.6546875,113.7696034372801,,,
353,2025-08-17 10:06:33.700078,False,65.551225,114.75455671386572,5430.0,-57.0,5.784993158729407
354,2025-08-17 10:27:56.263465,True,65.494375,114.76940119751158,,,
355,2025-08-18 10:06:15.133365,False,65.5827375,115.75434182135416,5040.0,-55.0,5.498850195820428
356,2025-08-18 10:27:37.340726,True,65.5824,115.76918218432868,,,
357,2025-08-19 10:06:57.336812,False,65.666325,116.75483028717592,5150.0,-56.0,6.143984753611788
358,2025-08-19 10:28:19.253472,True,65.6665625,116.76966728555556,,,
359,2025-08-20 10:06:37.815834,False,65.5789125,117.75460434993056,5330.0,-57.0,5.92610251701266
360,2025-08-20 10:28:00.291310,True,65.5539125,117.76944781608796,,,
361,2025-08-21 10:06:20.211468,False,65.510525,118.75440059569443,5240.0,-56.0,3.3896880426717395
362,2025-08-21 10:27:42.953544,True,65.6365625,118.7692471475,,,
363,2025-08-22 10:06:01.988722,False,65.775175,119.75418968428242,5430.0,-57.0,4.36087646426325
364,2025-08-22 10:27:24.347844,True,65.6825,119.76903180375002,,,
365,2025-08-23 10:06:44.149043,False,65.56921249999999,120.75467765096064,5480.0,-58.0,6.171108221019968
366,2025-08-23 10:28:06.333778,True,65.6045125,120.76951775206018,,,
367,2025-08-24 10:06:24.602518,False,65.6823625,121.7544514180324,5540.0,-58.0,5.386866883512737
368,2025-08-24 10:27:46.410895,True,65.676,121.76928716313655,,,
369,2025-08-25 10:06:06.056931,False,65.606275,122.75423677003472,5590.0,-58.0,6.214820472505819
370,2025-08-25 10:27:28.282478,True,65.6094125,122.76907734349535,,,
371,2025-08-26 10:06:47.141163,False,65.6233625,123.75471228197917,5100.0,-56.0,5.433273719585213
372,2025-08-26 10:28:08.898651,True,65.67048750000001,123.76954743809029,,,
373,2025-08-27 10:06:28.745799,False,65.6579,124.7544993726736,5190.0,-57.0,4.844406650934024
374,2025-08-27 10:27:50.686479,True,65.656575,124.76933664906252,,,
375,2025-08-28 10:06:09.056268,False,65.69975,125.75427148458331,5340.0,-57.0,5.420513486788473
376,2025-08-28 10:27:31.968509,True,65.62455,125.7691200058912,,,
377,2025-08-29 10:06:51.606614,False,65.6445875,126.75476396543982,5050.0,-55.0,5.25898063776917
378,2025-08-29 10:28:13.804277,True,65.8326125,126.76960421616896,,,
379,2025-08-30 10:06:33.006262,False,65.60735,127.75454868358796,5260.0,-55.0,4.803615827649104
380,2025-08-30 10:27:54.947225,True,65.8529625,127.76938596325232,,,
381,2025-08-31 10:06:15.076959,False,65.58195,128.75434116850695,5820.0,-60.0,5.654184947115445
382,2025-08-31 10:27:37.347241,True,65.6680375,128.76918225973378,,,
383,2025-09-01 10:06:56.032174,False,65.7328,129.75481518719909,5520.0,-54.0,7.917628684115527
384,2025-09-01 10:28:18.440221,True,65.6500375,129.76965787292824,,,
385,2025-09-02 10:06:38.397195,False,65.63923750000001,130.75461107864584,5830.0,-59.0,5.1255287040099775
386,2025-09-02 10:28:00.917048,True,65.937375,130.76945505842593,,,
387,2025-09-03 15:54:05.595773,False,65.607425,131.99589809922455,6800.0,-53.0,4.896968912119972
388,2025-09-03 16:23:51.666852,True,65.63515,132.01657021819443,,,
389,2025-09-04 15:54:53.686569,False,65.6171375,132.99645470565972,3560.0,-48.0,6.475472063557819
390,2025-09-04 16:25:39.317617,True,65.620375,133.01781617612266,,,
391,2025-09-05 15:54:02.776285,False,65.6383375,133.99586546626156,6310.0,-46.0,6.098042780658331
392,2025-09-05 16:28:30.969392,True,65.6470375,134.01980288648147,,,
393,2025-09-06 15:54:55.167527,False,65.6620875,134.99647184637732,6470.0,-47.0,5.32498824509853
394,2025-09-06 16:16:20.361966,True,65.6581125,135.0113467820139,,,
395,2025-09-07 15:54:49.029934,False,65.663175,135.99640080942132,6770.0,-48.0,5.080439393077578
396,2025-09-07 16:16:13.823513,True,65.6609625,136.01127110547452,,,
397,2025-09-08 15:54:43.279674,False,65.662175,136.9963342554861,6850.0,-39.0,5.887177455805244
398,2025-09-08 16:16:08.216755,True,65.6775625,137.01120621244215,,,
399,2025-09-09 15:54:36.695869,False,65.7724125,137.99625805403937,5350.0,-57.0,5.268868705869816
400,2025-09-09 16:16:01.400068,True,65.79197500000001,138.01112731560184,,,
401,2025-09-10 15:54:29.963987,False,65.740325,138.99618013873845,5430.0,-57.0,5.028193926265673
402,2025-09-10 16:15:54.990914,True,65.7155875,139.0110531355787,,,
403,2025-09-11 15:54:47.594831,False,65.52645,139.99638419943284,5440.0,-57.0,5.836162253274888
404,2025-09-11 16:15:56.353403,True,65.62808749999999,140.0110689051273,,,
405,2025-09-12 15:54:24.529150,False,65.633825,140.9961172355324,5490.0,-58.0,5.082739931224888
406,2025-09-12 16:15:34.929099,True,65.616675,141.01082093864582,,,
407,2025-09-16 10:54:43.360780,False,65.80018749999999,144.78800186087966,5600.0,-58.0,4.772601409704159
408,2025-09-16 11:15:49.883048,True,65.7662125,144.80266068342593,,,
409,2025-09-17 10:54:19.352588,False,65.9076125,145.787723988287,5540.0,-58.0,4.518339269072361
410,2025-09-17 11:26:06.881228,True,65.8365,145.80980186606482,,,
411,2025-09-18 10:54:27.636580,False,65.766125,146.78781986782408,5570.0,-58.0,5.482250633766375
412,2025-09-18 11:23:36.001618,True,65.8594,146.8080555742824,,,
413,2025-09-19 10:54:58.845369,False,65.7767625,147.78818108065974,5260.0,-57.0,5.639603678818867
414,2025-09-19 11:16:09.439920,True,65.856925,147.80288703611112,,,
415,2025-09-20 10:54:37.031741,False,65.75835000000001,148.78792860811342,5310.0,-58.0,4.60676615345985
416,2025-09-20 11:16:19.055732,True,65.7585,148.80299833023147,,,
417,2025-09-21 10:54:48.441152,False,65.8900625,149.78806066148147,5320.0,-58.0,4.675859654214338
418,2025-09-21 11:15:58.596414,True,65.91318749999999,149.80276153256946,,,
419,2025-09-22 10:54:24.001360,False,65.94385,150.78777779351853,5330.0,-58.0,4.9919519071469685
420,2025-09-22 11:15:34.316407,True,65.940975,150.8024805139699,,,
421,2025-09-23 10:54:01.619705,False,65.80795,151.78751874658568,5370.0,-58.0,4.950927299412274
422,2025-09-23 11:15:11.822712,True,65.7916,151.8022201702778,,,
423,2025-09-24 10:54:39.907494,False,65.77055,152.78796189229166,5380.0,-58.0,4.937904498021849
424,2025-09-24 11:15:49.879113,True,65.85634999999999,152.80266063788196,,,
425,2025-09-25 10:54:18.953239,False,65.6168375,153.7877193661921,5430.0,-58.0,4.723739049757482
426,2025-09-25 11:15:29.215764,True,65.6419375,153.80242147875,,,
427,2025-09-26 10:54:56.763563,False,65.86785,154.78815698568283,5420.0,-58.0,4.648626549453093
428,2025-09-26 11:16:38.404564,True,65.8535875,154.8032222750463,,,
429,2025-09-29 12:12:53.542714,False,65.756825,157.84228637400463,4650.0,-55.0,7.394420889841265
430,2025-09-29 12:33:58.679309,True,65.6618625,157.856929158669,,,
431,2025-10-02 09:46:26.913171,False,65.8311625,160.7405892728125,5230.0,-57.0,4.978619992393387
432,2025-10-02 10:17:11.091355,True,65.9242125,160.76193392771992,,,
433,2025-10-03 09:46:33.168326,False,65.8270625,161.7406616704398,5110.0,-55.0,4.6598463265127705
434,2025-10-03 10:07:42.040720,True,65.83735,161.75534769351853,,,
435,2025-10-04 09:46:02.820475,False,65.871025,162.74031042216436,5240.0,-57.0,4.724970978414761
436,2025-10-04 10:07:11.776412,True,65.87285,162.75499741217592,,,
437,2025-10-05 09:46:30.604509,False,66.00302500000001,163.74063199663198,5450.0,-58.0,4.774692963398454
438,2025-10-05 10:07:39.061785,True,66.00925,163.75531321510417,,,
439,2025-10-06 09:46:59.446254,False,65.90157500000001,164.740965813125,5510.0,-59.0,4.570562587091621
440,2025-10-06 10:08:08.318543,True,65.9188875,164.7556518349884,,,
441,2025-10-07 09:46:27.258192,False,65.7968875,165.74059326611115,5510.0,-60.0,5.304311454044555
442,2025-10-07 10:07:36.452322,True,65.8182125,165.75528301298613,,,
443,2025-10-08 09:46:56.381208,False,65.9510625,166.74093033805556,5440.0,-59.0,4.491432838649831
444,2025-10-08 10:08:05.555601,True,65.987725,166.75561985649307,,,
445,2025-10-09 09:46:24.244915,False,65.837875,167.74055839021992,5580.0,-60.0,4.487135181172373
446,2025-10-09 10:07:33.567942,True,65.7495625,167.75524962895832,,,
447,2025-10-10 09:46:53.776324,False,65.852925,168.74090018893517,2790.0,42.0,6.949840283173022
448,2025-10-10 10:08:03.067390,True,65.88795,168.75559105775466,,,
449,2025-10-11 09:46:21.666505,False,65.9296375,169.74052854751156,1180.0,-63.0,8.438550497066762
450,2025-10-11 10:07:30.931673,True,65.90715,169.75521911658564,,,
451,2025-10-12 09:46:51.334602,False,66.023275,170.7408719282639,1950.0,-67.0,8.011207080209712
452,2025-10-12 10:08:00.195558,True,66.0301875,170.75555781895835,,,
453,2025-10-13 09:46:19.144247,False,65.91665,171.74049935471064,2020.0,-67.0,7.946678133394007
454,2025-10-13 10:07:27.832848,True,65.916125,171.75518325055555,,,
455,2025-10-14 09:46:47.875138,False,66.0334875,172.74083188817127,2150.0,-67.0,7.07673097812415
456,2025-10-14 10:07:56.798331,True,65.6677,172.7555184992014,,,
457,2025-10-15 09:46:15.386581,False,65.95218750000001,173.74045586320602,2030.0,-64.0,10.090968647112735
458,2025-10-15 10:07:23.900157,True,65.968925,173.75513773329865,,,
459,2025-10-16 15:49:09.213538,False,65.7450625,174.99246774928238,2340.0,-66.0,8.060401999796266
460,2025-10-16 16:12:59.061387,True,65.76155,175.0090169142014,,,
461,2025-10-17 15:49:18.590545,False,65.7554,175.99257627945605,2440.0,-65.0,8.987832220156548
462,2025-10-17 16:10:28.562462,True,65.711075,176.00727502849537,,,
463,2025-10-18 15:49:48.567912,False,65.606875,176.99292323972222,2610.0,-65.0,7.864786850294633
464,2025-10-18 16:10:58.634218,True,65.60085,177.00762308122685,,,
465,2025-10-19 15:49:17.136269,False,65.740375,177.99255944755785,2690.0,-65.0,8.278668581700005
466,2025-10-19 16:10:27.882481,True,65.71085,178.00726715834492,,,
467,2025-10-20 15:49:48.411447,False,65.68226250000001,178.99292142878468,2750.0,-65.0,7.096508990448582
468,2025-10-20 16:10:58.167033,True,65.6213125,179.00761767399305,,,
469,2025-10-21 15:49:16.927428,False,65.895775,179.99255703041666,1410.0,-63.0,14.993891256487856
470,2025-10-21 16:10:27.001294,True,65.8375375,180.0072569594213,,,
471,2025-10-22 15:49:46.908585,False,65.74915,180.99290403454864,1710.0,-62.0,14.29733752966264
472,2025-10-22 16:10:56.867889,True,65.7488875,181.00760263760407,,,
473,2025-10-23 15:49:15.738739,False,65.8324375,181.99254327244213,1920.0,-63.0,12.162855300110698
474,2025-10-23 16:10:26.030524,True,65.834025,182.0072457236574,,,
475,2025-10-24 15:49:46.816519,False,65.842575,182.9929029689699,2100.0,-64.0,9.653646017282302
476,2025-10-24 16:10:56.653366,True,65.84665,183.00760015469908,,,
477,2025-10-25 15:49:15.357800,False,65.835675,183.99253886342592,2150.0,-61.0,8.177380807712565
478,2025-10-25 16:10:25.796289,True,65.83902499999999,184.0072430126042,,,
479,2025-10-26 15:49:45.726012,False,65.834275,184.9928903473611,2530.0,-66.0,6.557200293342115
480,2025-10-26 16:10:55.525838,True,65.8471375,185.0075871046065,,,
481,2025-10-27 15:49:14.077409,False,65.7564375,185.99252404408568,2530.0,-65.0,6.6338207247298735
482,2025-10-27 16:10:23.654927,True,65.7252125,186.00721822832176,,,
483,2025-10-28 15:49:43.766167,False,65.7491,186.9928676639699,2560.0,-65.0,6.256363843021839
484,2025-10-28 16:10:53.907400,True,65.7330125,187.0075683726852,,,
485,2025-10-29 15:49:12.316047,False,65.76375,187.9925036579514,2530.0,-65.0,6.086506086505684
486,2025-10-29 16:10:22.388780,True,65.732925,188.0072035738426,,,
487,2025-10-30 15:49:42.363230,False,65.7871375,188.99285142627315,2610.0,-64.0,6.742653378503787
488,2025-10-30 16:10:52.268334,True,65.8591,189.0075494020139,,,
489,2025-10-31 15:49:11.036906,False,65.8902125,189.9924888530787,2670.0,-64.0,6.690304899671487
490,2025-10-31 16:10:21.268115,True,65.872225,190.0071906031829,,,
491,2025-11-01 15:49:41.301232,False,66.0458125,190.99283913462963,1910.0,-63.0,9.627266361274303
492,2025-11-01 16:10:51.255109,True,65.99435,191.00753767487268,,,
493,2025-11-02 15:49:10.247656,False,65.852875,191.9924797182408,2050.0,-63.0,9.694458179307173
494,2025-11-02 16:10:20.152422,True,65.8647375,192.00717769006943,,,
495,2025-11-03 13:25:50.909812,False,65.734625,192.89295034504627,,,
496,2025-11-03 23:24:27.496611,False,15.9649375,193.30865158114585,4230.0,-73.0,0.0
497,2025-11-03 23:45:36.399754,True,16.09065,193.3233379601157,,,
498,2025-11-04 23:24:13.441877,False,66.6545375,194.30848891061345,2490.0,-66.0,4.466010358268065
499,2025-11-04 23:54:57.438060,True,66.6681875,194.3298314590278,,,
500,2025-11-05 23:24:21.107588,False,66.2269625,195.3085776341204,1440.0,-59.0,
501,2025-11-09 14:45:22.045318,False,66.4474375,198.9481718208102,1810.0,-67.0,5.906406962422286
502,2025-11-09 15:06:32.082793,True,66.3972875,198.9628713286227,,,
503,2025-11-10 14:45:55.015312,False,66.3004,199.94855341796296,2770.0,-43.0,
504,2025-11-11 11:31:18.113725,False,66.433425,200.81340409403936,1670.0,-56.0,9.2900645930909
505,2025-11-11 11:52:24.597261,True,66.501075,200.8280624682986,,,
506,2025-11-12 11:31:53.429131,False,66.4699,201.8138128371644,1890.0,-64.0,7.084182198636569
507,2025-11-12 11:53:59.289633,True,66.4769875,201.8291584448264,,,
508,2025-11-13 11:31:26.185685,False,66.28241249999999,202.8134975195023,1990.0,-67.0,8.276235548963996
509,2025-11-13 11:54:05.477167,True,66.2857375,202.8292300598032,,,
510,2025-11-14 11:39:18.086638,False,66.5806125,203.818959336088,666.0,-46.0,14.12940286975006
511,2025-11-14 12:00:23.412471,True,66.6218125,203.83360431100687,,,
512,2025-11-15 17:14:23.711204,False,66.71365,205.0516633241204,1290.0,-54.0,15.186833368645496
513,2025-11-15 17:45:39.123409,True,66.6752375,205.07336948390045,,,
514,2025-11-16 17:14:01.272226,False,66.6203,206.0514036137268,4400.0,-36.0,11.09253634506172
515,2025-11-16 17:53:44.800102,True,66.639725,206.0789907419213,,,
516,2025-11-17 17:14:02.989675,False,66.246925,207.0514234916088,1440.0,-59.0,10.91217861328563
517,2025-11-17 17:45:49.696614,True,66.2361625,207.0734918589584,,,
518,2025-11-18 23:13:20.499618,False,66.24328750000001,208.3009317085417,1570.0,-61.0,10.09824004476381
519,2025-11-18 23:35:36.349193,True,66.16046250000001,208.3163929304745,,,
520,2025-11-19 23:13:57.464563,False,66.70739999999999,209.30135954355325,1700.0,-62.0,8.698065694201674
521,2025-11-19 23:35:08.515384,True,66.6523125,209.3160707799074,,,
522,2025-11-21 18:45:21.822192,False,66.2490375,211.114835905,4480.0,-39.0,11.71577976390713
523,2025-11-21 19:06:26.340357,True,66.1603125,211.12947153190967,,,
524,2025-11-22 18:45:15.075445,False,66.2754375,212.11475781765049,1590.0,-62.0,10.879973001185846
525,2025-11-22 19:07:25.686661,True,66.26706250000001,212.1301584104283,,,
526,2025-11-23 18:45:12.231199,False,66.7118875,213.11472489813656,1670.0,-61.0,9.770555856414331
527,2025-11-23 19:06:50.651513,True,66.744775,213.1297529110301,,,
528,2025-11-24 18:45:38.524185,False,66.1974125,214.1150292151042,1710.0,-61.0,8.040492220529016
529,2025-11-24 19:06:44.813484,True,66.2446375,214.12968534125,,,
530,2025-11-25 18:45:30.992293,False,66.1807625,215.11494204042825,1570.0,-62.0,
531,2025-11-26 23:05:22.270734,False,66.3515875,216.29539665201392,4580.0,-40.0,7.860235479945181
532,2025-11-26 23:38:12.626057,True,66.2767375,216.31820169047447,,,
533,2025-11-27 23:05:57.802970,False,66.82445,217.2958079047453,1690.0,-62.0,9.931613466966184
534,2025-11-27 23:27:04.328419,True,66.81065000000001,217.3104667641088,,,
535,2025-11-28 23:05:53.216055,False,66.27435,218.2957548154513,1690.0,-62.0,11.984484838027184
536,2025-11-28 23:26:59.796122,True,66.2947875,218.3104143069676,,,
537,2025-11-29 23:05:50.161209,False,66.3393375,219.29571945843747,1760.0,-60.0,10.84281157743033
538,2025-11-29 23:26:57.200003,True,66.25465,219.310384259294,,,
539,2025-11-30 23:05:46.399715,False,66.2564375,220.29567592262728,1860.0,-63.0,8.026926264177353
540,2025-11-30 23:26:53.136552,True,66.268,220.3103372286111,,,
541,2025-12-01 23:05:43.447426,False,66.71041249999999,221.2956417526157,1910.0,-64.0,8.140329664394741
542,2025-12-01 23:26:50.243594,True,66.3936125,221.31030374530093,,,
543,2025-12-02 23:05:39.579529,False,66.2382875,222.2955969852893,1860.0,-60.0,7.375747600576695
544,2025-12-02 23:26:46.333487,True,66.2018625,222.31025848943287,,,
545,2025-12-03 23:05:37.280890,False,66.361225,223.2955703806713,2210.0,-62.0,6.917765575774298
546,2025-12-03 23:26:44.320455,True,66.38985,223.31023519045127,,,
547,2025-12-04 23:05:33.413405,False,66.49105,224.29552561811343,2300.0,-61.0,7.228788794445641
548,2025-12-04 23:26:40.099502,True,66.4940125,224.3101863368288,,,
549,2025-12-05 23:05:30.318968,False,66.44862499999999,225.2954898028704,1970.0,-60.0,8.37613070233391
550,2025-12-05 23:26:37.132261,True,66.4850625,225.3101519937616,,,
551,2025-12-06 23:05:26.375229,False,66.4446125,226.29544415774305,2230.0,-62.0,8.093584965244144
552,2025-12-06 23:26:33.411949,True,66.50605,226.3101089345949,,,
553,2025-12-07 23:05:23.365073,False,66.551025,227.29540931797453,2410.0,-61.0,7.990604335735334
554,2025-12-07 23:26:31.115312,True,66.5479875,227.3100823531481,,,
555,2025-12-08 23:05:20.145569,False,66.4827,228.2953720551968,1900.0,-60.0,12.4516336637547
556,2025-12-08 23:26:27.049546,True,66.44065,228.3100352956713,,,
557,2025-12-09 23:05:11.235462,False,66.40145,229.2952689289583,2020.0,-60.0,8.896453340897574
558,2025-12-09 23:26:14.525640,True,66.40015,229.3098903430556,,,
559,2025-12-10 23:05:56.742545,False,66.44030000000001,230.2957956313079,2080.0,-60.0,12.729694547878484
560,2025-12-10 23:26:59.990594,True,66.4352,230.3104165578009,,,
561,2025-12-11 23:05:33.547127,False,66.4569125,231.2955271658217,950.0,-59.0,15.470656767347473
562,2025-12-11 23:26:50.872998,True,66.4720875,231.3103110300694,,,
563,2025-12-12 23:05:26.625246,False,66.2777375,232.29544705145832,474.0,-54.0,20.41916183330051
564,2025-12-12 23:40:26.047174,True,66.3550375,232.3197459163657,,,
565,2025-12-13 23:05:33.453421,False,66.477375,233.2955260812616,519.0,-54.0,22.821672653318345
566,2025-12-13 23:26:49.602889,True,66.54181249999999,233.3102963297338,,,
567,2025-12-17 22:28:59.259695,False,66.45818750000001,237.270130320544,754.0,-64.0,12.887686684478624
568,2025-12-17 22:50:16.665724,True,66.4694125,237.2849151125464,,,
569,2025-12-18 22:28:07.780053,False,66.2795875,238.26953449135416,852.0,-65.0,15.162192752046623
570,2025-12-18 22:49:24.888280,True,66.264275,238.28431583657408,,,
571,2025-12-19 22:28:18.602376,False,66.3558125,239.2696597497222,934.0,-65.0,13.282789040366682
572,2025-12-19 22:49:35.717908,True,66.3563,239.2844411794908,,,
573,2025-12-21 00:18:19.079517,False,66.3697875,240.3460541610764,1030.0,-66.0,12.125921216832008
574,2025-12-21 00:50:38.667123,True,66.3838875,240.3685030917014,,,
575,2025-12-22 00:18:37.612274,False,66.4014875,241.34626866057863,989.0,-62.0,15.470656767341012
576,2025-12-22 00:53:04.910447,True,66.3854375,241.37019572276623,,,
577,2025-12-23 00:18:02.100591,False,66.411625,242.3458576457292,1040.0,-65.0,10.513329752230112
578,2025-12-23 00:53:32.861000,True,66.413475,242.37051922453705,,,
579,2025-12-24 00:18:31.009341,False,66.381225,243.34619223774308,1070.0,-63.0,14.310357509790446
580,2025-12-24 00:54:32.919016,True,66.3818875,243.37121434046293,,,
581,2025-12-25 00:18:29.755243,False,66.3116625,244.3461777227199,1070.0,-65.0,12.418584890291513
582,2025-12-25 00:53:27.943504,True,66.362925,244.37046230907404,,,
583,2025-12-26 00:18:26.983857,False,66.4832,245.34614564649303,1070.0,-64.0,11.262587020164846
584,2025-12-26 00:54:29.107466,True,66.534975,245.3711702253009,,,
585,2025-12-27 00:18:26.631966,False,66.542075,246.3461415736805,1110.0,-63.0,
586,2025-12-27 00:57:07.817748,True,66.5582125,246.3730071498611,,,
587,2025-12-28 00:18:06.573834,False,66.5140625,247.3459094193749,1080.0,-64.0,13.911453305411362
588,2025-12-28 00:52:33.446870,True,66.5016375,247.36983156099527,,,
589,2025-12-29 00:18:30.961885,False,66.5671625,248.34619168848383,2250.0,-131.0,15.84010496666243
590,2025-12-29 00:52:57.669453,True,66.5663,248.37011191496524,,,
591,2025-12-30 00:18:56.582160,False,66.5176875,249.34648821944444,994.0,-64.0,11.584375220739808
592,2025-12-30 01:00:16.176852,True,66.4729625,249.3751872320833,,,
593,2025-12-31 00:18:13.609375,False,66.51259999999999,250.34599084924767,1180.0,-64.0,13.731722822632785
594,2025-12-31 00:57:26.300761,True,66.5368,250.37322107362263,,,
595,2026-01-01 00:18:25.224482,False,66.4713,251.34612528335649,1390.0,-65.0,13.092350020959293
596,2026-01-01 00:53:55.177447,True,66.58485,251.3707775167477,,,
597,2026-01-02 00:18:52.888693,False,66.4982,252.3464454709838,1450.0,-66.0,19.0325947901354
598,2026-01-02 01:00:44.341823,True,66.450225,252.375513215544,,,
599,2026-01-03 00:18:46.140137,False,66.5189875,253.34636736269672,1490.0,-66.0,13.656377292743093
600,2026-01-03 00:59:33.895122,True,66.5123875,253.3746978602084,,,
601,2026-01-04 00:18:31.389118,False,66.3534875,254.3461966333102,1530.0,-66.0,11.740421722595396
602,2026-01-04 00:55:36.833047,True,66.405425,254.3719540861921,,,
603,2026-01-05 00:18:35.785415,False,66.56665,255.34624751637733,1540.0,-67.0,11.518817222918312
604,2026-01-05 00:54:05.728725,True,66.5545625,255.3708996380209,,,
605,2026-01-06 00:18:03.490399,False,66.5048125,256.3458737314699,1460.0,-60.0,13.13930012682426
606,2026-01-06 00:53:01.936526,True,66.5153375,256.37016130238425,,,
607,2026-01-07 15:06:47.642525,False,66.3100125,257.96305141811337,1640.0,-67.0,10.14025256449535
608,2026-01-07 15:35:26.432422,True,66.516175,257.98294481969907,,,
609,2026-01-07 17:42:26.778909,False,66.4689875,258.07114327440974,435.0,-52.0,19.5250877069018
610,2026-01-07 18:04:48.490525,True,66.4775375,258.08667234403936,,,
611,2026-01-08 05:42:36.499961,False,66.564525,258.57125578658565,495.0,-48.0,15.078524169434813
612,2026-01-08 05:51:04.271846,True,66.5796125,258.5771327759954,,,
613,2026-01-08 12:50:33.386779,False,66.4408,258.8684419766088,473.0,-55.0,12.835917480557818
614,2026-01-08 12:59:01.882119,True,66.4528375,258.87432733934025,,,
615,2026-01-09 18:24:26.326858,False,66.401875,260.1003047090046,755.0,-64.0,24.644267068536937
616,2026-01-09 18:37:06.539877,True,66.4293,260.10910347079863,,,
617,2026-01-10 06:24:18.157686,False,66.5119,260.6002101584028,826.0,-66.0,13.61526614051681
618,2026-01-10 06:38:02.280142,True,66.5033875,260.6097486127547,,,
619,2026-01-10 18:24:11.412632,False,66.39055,261.1001320906482,896.0,-66.0,13.785646584223205
620,2026-01-10 18:36:52.116016,True,66.3934125,261.1089365279629,,,
621,2026-01-11 06:24:14.957430,False,66.52031249999999,261.6001731184028,943.0,-66.0,13.139300126822402
622,2026-01-11 06:37:27.212818,True,66.51435,261.60934274094905,,,
623,2026-01-11 18:24:38.825279,False,66.445425,262.10044936665514,988.0,-67.0,12.573551351159756
624,2026-01-11 18:37:19.198634,True,66.459425,262.10924998418983,,,
625,2026-01-12 06:24:30.152024,False,66.59558750000001,262.6003489817593,1040.0,-67.0,12.134977169948469
626,2026-01-12 06:36:38.575421,True,66.60075,262.6087798081134,,,
627,2026-01-12 16:14:18.259856,False,66.4324,263.00993356314814,,,
628,2026-01-12 17:40:45.811149,False,66.7337125,263.0699746660764,,,
629,2026-01-12 17:50:41.611271,False,66.709525,263.07687050082177,,,
630,2026-01-12 18:24:57.856366,False,66.780625,263.1006696338658,1110.0,-68.0,10.140252564494894
631,2026-01-12 18:32:50.809906,True,66.76491250000001,263.1061436331713,,,
632,2026-01-13 06:24:35.628159,False,66.7720875,263.60041236295143,1030.0,-65.0,34.394057121371326
633,2026-01-13 06:34:03.394190,True,66.7649625,263.6069837290509,,,
634,2026-01-13 20:27:27.588482,False,66.6810125,264.1857359778009,1080.0,-66.0,13.6563772927425
635,2026-01-13 20:33:45.552643,True,66.68925,264.19011056299775,,,
636,2026-01-14 08:27:45.861721,False,66.6664375,264.6859474736227,1160.0,-67.0,11.518817222918312
637,2026-01-14 08:34:03.848819,True,66.6905375,264.690322324294,,,
638,2026-01-14 20:27:03.977808,False,66.7647,265.1854627061111,1200.0,-67.0,11.01720342319322
639,2026-01-14 20:33:22.609264,True,66.769925,265.18984501462967,,,
640,2026-01-15 08:27:24.371625,False,66.7463875,265.6856987456597,1200.0,-69.0,10.690758135080744
641,2026-01-15 08:33:42.608947,True,66.7280125,265.69007649244213,,,
642,2026-01-15 20:27:45.535790,False,66.5786625,266.1859437012732,1210.0,-67.0,9.273154916790196
643,2026-01-15 20:34:04.190245,True,66.562275,266.1903262759838,,,
644,2026-01-16 08:27:08.618224,False,66.7405875,266.68551641462966,1100.0,-65.0,10.554189634143698
645,2026-01-16 08:33:26.939056,True,66.762325,266.689895127963,,,
646,2026-01-19 21:28:47.380776,False,66.700175,270.22832616638885,2540.0,-50.0,9.685880897994672
647,2026-01-19 21:37:43.782623,True,66.6877125,270.23453452109953,,,
648,2026-01-20 09:28:45.669344,False,66.7847625,270.72830635814813,1060.0,-67.0,9.917440429457905
649,2026-01-20 09:39:48.846906,True,66.7851625,270.735982024375,,,
650,2026-01-20 21:28:49.480613,False,66.642,271.2283504700579,1200.0,-69.0,9.818913524646067
651,2026-01-20 21:38:17.462085,True,66.6134,271.2349243296875,,,
652,2026-01-21 09:28:16.060713,False,66.631525,271.72796366565973,834.0,-57.0,13.136414651566
653,2026-01-21 09:39:51.173003,True,66.6129875,271.736008946794,,,
654,2026-01-21 21:28:28.799571,False,66.4823375,272.22811110614583,829.0,-65.0,16.337945630873243
655,2026-01-21 21:34:47.037208,True,66.4787375,272.2324888565741,,,
656,2026-01-22 09:28:48.419120,False,66.5609375,272.72833818425926,856.0,-66.0,14.648746030360345
657,2026-01-22 09:35:06.389772,True,66.5646625,272.7327128445833,,,
658,2026-01-22 21:52:37.190193,False,66.6712125,273.24487488649305,963.0,-66.0,13.225899359969148
659,2026-01-22 22:01:01.652368,True,66.6515,273.2507135690741,,,
660,2026-01-23 09:52:02.646061,False,66.770425,273.7444750701505,969.0,-66.0,10.665178223110717
661,2026-01-23 10:02:02.192870,True,66.684375,273.7514142693287,,,
662,2026-01-23 21:52:02.936543,False,66.8120125,274.24447843221066,552.0,-60.0,16.430877170626374
663,2026-01-23 22:00:59.235764,True,66.865375,274.2506855991204,,,
664,2026-01-24 09:52:57.166006,False,66.523875,274.74510608803234,613.0,-67.0,16.186361997415965
665,2026-01-24 09:59:15.283582,True,66.4965375,274.74948244886576,,,
666,2026-01-24 21:52:18.188692,False,66.6363875,275.2446549617129,711.0,-68.0,15.299943998699506
667,2026-01-24 21:58:36.199042,True,66.651225,275.2490300815046,,,
668,2026-01-25 09:52:38.640684,False,66.7392625,275.74489167458336,725.0,-64.0,16.337945630877005
669,2026-01-25 09:58:56.634075,True,66.7315375,275.74926659809023,,,
670,2026-01-25 21:52:59.797761,False,66.6385875,276.2451365481598,815.0,-65.0,13.225899359969148
671,2026-01-25 21:59:17.784858,True,66.650725,276.2495113988195,,,
672,2026-01-26 09:52:22.134554,False,66.70745,276.74470063141206,807.0,-66.0,12.557588315163812
673,2026-01-26 09:58:40.480142,True,66.6977375,276.7490796312732,,,
674,2026-01-26 21:52:43.473227,False,66.6720625,277.244947606794,1030.0,-68.0,11.283362442010482
675,2026-01-26 21:59:01.096296,True,66.646775,277.2493182441667,,,
676,2026-01-27 09:52:03.368641,False,66.670975,277.7444834333449,1590.0,-53.0,16.96196164130804
677,2026-01-27 09:58:21.340667,True,66.6796125,277.7488581095717,,,
678,2026-01-27 21:52:25.200143,False,66.5782375,278.2447361127662,1070.0,-68.0,13.442327491915805
679,2026-01-27 21:58:43.731499,True,66.57545,278.2491172627199,,,
680,2026-01-28 09:52:48.079050,False,66.575725,278.7450009149306,1080.0,-68.0,17.018148331276695
681,2026-01-28 09:59:05.944003,True,66.6143375,278.74937435188656,,,
682,2026-01-28 21:52:15.400014,False,66.6791375,279.2446226853472,1100.0,-69.0,12.573551351158509
683,2026-01-28 21:58:33.388042,True,66.6839625,279.2489975467824,,,
684,2026-01-29 09:52:36.317933,False,66.64235,279.7448647908912,1110.0,-68.0,16.337945630877005
685,2026-01-29 09:58:54.278433,True,66.655525,279.74923933371525,,,
686,2026-01-29 21:52:57.786323,False,66.69385,280.2451132676273,1190.0,-68.0,10.698229577673269
687,2026-01-29 21:59:18.300301,True,66.6636375,280.2495173645949,,,
688,2026-01-30 09:52:23.014321,False,66.627025,280.74471081390044,1180.0,-68.0,10.912808531857204
689,2026-01-30 09:58:43.616212,True,66.64563749999999,280.74911592837964,,,
690,2026-01-30 21:52:47.302804,False,66.5504125,281.2449919306019,1050.0,-69.0,13.227653379169762
691,2026-01-30 21:59:07.699496,True,66.54955,281.2493946700926,,,
692,2026-01-31 09:52:17.325015,False,66.4656125,281.7446449654514,1150.0,-67.0,12.936932128856322
693,2026-01-31 09:58:38.154174,True,66.44225,281.74905271034726,,,
694,2026-01-31 21:52:42.239395,False,66.64320000000001,282.244933326331,1140.0,-67.0,10.812184810230011
695,2026-01-31 21:59:02.461349,True,66.65205,282.2493340433912,,,
696,2026-02-01 09:52:06.650332,False,66.5299375,282.7445214158796,1200.0,-68.0,11.472323972327407
697,2026-02-01 09:58:27.738777,True,66.506825,282.7489321617708,,,
698,2026-02-01 21:52:31.084218,False,66.8821875,283.2448042154861,1230.0,-69.0,11.016647611605096
699,2026-02-01 21:58:52.462243,True,66.8500375,283.2492183129977,,,
700,2026-02-02 10:10:13.741543,False,66.6076875,283.757103490081,,,
701,2026-02-04 09:39:20.074187,False,66.7792,285.735649006794,1270.0,-69.0,11.77175798388085
702,2026-02-04 09:56:44.161736,False,66.7303,285.747733353426,1250.0,-60.0,11.687975324339238
703,2026-02-04 10:02:51.216065,True,66.775,285.751981667419,,,
704,2026-02-04 10:19:47.191419,False,66.7757,285.7637406414236,1270.0,-68.0,11.487053911298078
705,2026-02-04 10:25:54.263690,True,66.7725,285.7679891630787,,,
706,2026-02-04 10:35:36.852869,False,66.75,285.7747320933912,411.0,-49.0,26.31385551496098
707,2026-02-04 10:43:50.314236,True,66.675,285.7804434518056,,,
708,2026-02-05 10:35:31.916256,False,66.517,286.7746749566667,1020.0,-62.0,10.749818830627396
709,2026-02-05 10:44:17.130075,True,66.4583,286.7807538203125,,,
710,2026-02-06 10:35:57.929715,False,66.4367,287.77497603836804,1020.0,-59.0,17.917300894129443
711,2026-02-06 10:42:05.013226,True,66.465,287.7792246901157,,,
712,2026-02-07 10:35:45.679212,False,66.4656,288.7748342501389,1190.0,-61.0,12.885712045992422
713,2026-02-07 10:41:52.921635,True,66.482,288.7790847411458,,,
714,2026-02-08 10:35:31.733844,False,66.5117,289.77467284541666,1310.0,-64.0,11.205159024820125
715,2026-02-08 10:41:39.026389,True,66.5135,289.7789239165394,,,
716,2026-02-09 10:35:17.954803,False,66.5599,290.7745133657755,1150.0,-62.0,13.509044926156262
717,2026-02-09 10:41:25.327492,True,66.5824,290.7787653644907,,,
718,2026-02-09 13:49:01.745418,False,66.3957,290.90904797937503,,,
719,2026-02-09 14:47:32.483256,False,66.4499,290.9496815191667,,,
720,2026-02-09 15:50:06.551316,False,66.4111,290.9931313809722,,,
721,2026-02-09 16:42:36.741022,False,66.4561,291.02959190997683,,,
722,2026-02-09 18:37:20.303925,False,66.6686,291.1092627769097,,,
723,2026-02-10 10:35:59.099317,False,66.6156,291.77498957542826,1080.0,-63.0,14.7170450200715
724,2026-02-10 10:42:03.823785,True,66.6148,291.7792109234375,,,
725,2026-02-11 10:35:50.664130,False,66.5303,292.77489194594904,1180.0,-62.0,14.08573601086738
726,2026-02-11 10:41:55.735279,True,66.5502,292.7791173064699,,,
727,2026-02-12 10:35:38.178718,False,66.5912,293.77474743886575,1230.0,-63.0,14.297337529659597
728,2026-02-12 10:41:42.850080,True,66.5874,293.7789681722222,,,
729,2026-02-13 10:35:26.632958,False,66.5471,294.77461380738424,1260.0,-63.0,13.139300126822402
730,2026-02-13 10:41:31.313807,True,66.5782,294.778834650544,,,
731,2026-02-14 10:35:14.323698,False,66.4824,295.77447133909726,1260.0,-63.0,12.63607324213659
732,2026-02-14 10:41:18.912645,True,66.4996,295.77869111857643,,,
733,2026-02-15 10:35:02.426306,False,66.5336,296.7743336378009,1290.0,-64.0,13.139300126822402
734,2026-02-15 10:41:07.397640,True,66.5207,296.7785578430556,,,
735,2026-02-16 10:35:49.808868,False,66.7091,297.7748820470833,1320.0,-64.0,12.573551351159756
736,2026-02-16 10:41:54.305644,True,66.7027,297.7791007597686,,,
737,2026-02-17 10:35:37.781139,False,66.8184,298.7747428372569,1300.0,-63.0,13.139300126822402
738,2026-02-17 10:41:42.620229,True,66.8109,298.7789655119097,,,
739,2026-02-17 11:11:41.795635,False,66.7885,298.79978930133103,,,
740,2026-02-17 11:45:55.906376,False,66.7811,298.8235637312037,561.0,-53.0,14.700226821440442
741,2026-02-17 11:52:00.362216,True,66.7571,298.8277819700926,,,
742,2026-02-18 11:45:00.916878,False,66.628,299.82292727868054,942.0,-67.0,14.9775402300679
743,2026-02-18 11:51:05.936144,True,66.6439,299.82715203870373,,,
744,2026-02-19 11:36:43.830600,False,66.8274,300.81717396527785,,,
745,2026-02-19 11:45:52.486091,False,66.6293,300.8235241445717,976.0,-63.0,13.679461094789875
746,2026-02-19 11:54:05.870278,True,66.5577,300.8292346096991,,,
747,2026-02-20 11:45:59.290867,False,66.7262,301.82360290355325,1130.0,-64.0,13.785646584215066
748,2026-02-20 11:55:47.921255,True,66.7678,301.8304157552662,,,
749,2026-02-20 15:09:29.496798,False,66.4794,301.9649247314584,,,
750,2026-02-20 15:39:26.728766,False,66.4667,301.98572602738426,,,
751,2026-02-21 11:45:05.799686,False,66.5545,302.822983792662,1200.0,-65.0,11.487053911298078
752,2026-02-21 11:51:11.535888,True,66.5283,302.8272168505556,,,
753,2026-02-21 19:07:01.742397,False,66.5822,303.1298812777431,,,
754,2026-02-21 19:18:37.632244,False,66.6367,303.1379355583796,1440.0,-57.0,14.190074796138942
755,2026-02-21 19:24:42.493969,True,66.6342,303.1421584950116,,,
756,2026-02-22 19:18:57.425723,False,66.3298,304.1381646495718,1250.0,-68.0,13.485557157575224
757,2026-02-22 19:25:02.164192,True,66.3569,304.1423861596296,,,
758,2026-02-23 16:14:03.345819,False,66.3994,305.0097609469792,,,
759,2026-02-23 19:18:31.115411,False,66.443,305.1378601320717,1410.0,-67.0,11.576526728045812
760,2026-02-23 19:24:36.494455,True,66.4667,305.14208905619216,,,
761,2026-02-23 19:31:29.245529,False,66.4398,305.14686626769674,1410.0,-67.0,10.25655295627762
762,2026-02-23 19:37:33.950931,True,66.3701,305.1510873950347,,,
763,2026-02-24 19:31:19.948155,False,66.7289,306.1467586592014,1430.0,-68.0,9.294839092821167
764,2026-02-24 19:37:25.751035,True,66.7227,306.15099248883104,,,
765,2026-02-25 11:10:34.267096,False,66.4061,306.79900772101854,,,
766,2026-02-25 11:29:29.934915,False,66.4125,306.81215202447913,1470.0,-67.0,9.400296673022892
767,2026-02-25 11:37:43.646003,True,66.388,306.81786627318286,,,
768,2026-02-25 11:39:06.934187,False,66.3877,306.81883025679394,,,
769,2026-02-25 19:31:39.384396,False,66.6081,307.14698361569447,1470.0,-67.0,8.843557350208066
770,2026-02-25 19:37:45.330122,True,66.6102,307.1512190986343,,,
771,2026-02-26 19:31:33.329741,False,66.7353,308.146913538669,1010.0,-60.0,13.30515724454702
772,2026-02-26 19:37:38.411720,True,66.7094,308.15113902453703,,,
773,2026-02-27 19:31:24.683181,False,66.47,309.14681346274307,1130.0,-67.0,14.545264721450447
774,2026-02-27 19:37:29.753874,True,66.4282,309.1510388179861,,,
775,2026-02-28 19:31:14.254080,False,66.5705,310.1466927555556,1230.0,-66.0,10.750038508539475
776,2026-02-28 19:37:19.318296,True,66.5654,310.15091803583334,,,
777,2026-03-01 19:31:04.241593,False,66.8263,311.1465768702893,1260.0,-67.0,11.009473130687306
778,2026-03-01 19:37:09.003046,True,66.8114,311.15079864636573,,,
779,2026-03-02 19:31:52.950625,False,66.8746,312.1471406322338,1820.0,-38.0,14.732122730715105
780,2026-03-02 19:37:57.927705,True,66.8759,312.1513649039931,,,
781,2026-03-03 19:31:43.900032,False,66.7035,313.14703588,1220.0,-66.0,13.139300126822402
782,2026-03-03 19:37:48.844594,True,66.7083,313.1512597753936,,,
783,2026-03-04 19:31:33.378432,False,66.8522,314.14691410222224,1290.0,-67.0,11.44589770575749
784,2026-03-04 19:37:38.449268,True,66.8965,314.1511394591204,,,
785,2026-03-05 19:31:24.233714,False,66.6966,315.14680826057867,1260.0,-68.0,10.043075044231768
786,2026-03-05 19:37:29.045467,True,66.6937,315.15103061883104,,,
787,2026-03-06 19:31:10.354783,False,66.8801,316.1466476248032,1430.0,-68.0,10.172470627017631
788,2026-03-06 19:37:15.275673,True,66.8316,316.1508712462153,,,
789,2026-03-07 19:31:00.813160,False,66.5706,317.1465371893518,1240.0,-59.0,10.072862808856833
790,2026-03-07 19:37:05.917994,True,66.5369,317.1507629397454,,,
791,2026-03-08 19:31:48.448427,False,66.7944,318.1470885234606,1380.0,-66.0,10.302618257165626
792,2026-03-08 19:37:53.543727,True,66.8013,318.1513141635069,,,
793,2026-03-09 19:31:34.093991,False,66.7436,319.14692238415506,1390.0,-66.0,9.17969094261596
794,2026-03-09 19:37:38.856001,True,66.7571,319.1511441666782,,,
795,2026-03-10 19:31:18.317442,False,66.7301,320.14673978520835,1390.0,-61.0,8.049704396736887
796,2026-03-10 19:37:23.087280,True,66.7109,320.15096165833336,,,
797,2026-03-11 19:31:03.446307,False,66.8164,321.14656766559034,1660.0,-63.0,9.721685523826434
798,2026-03-11 19:37:08.525007,True,66.8048,321.1507931135069,,,
799,2026-03-12 19:31:47.504099,False,66.9217,322.1470775937384,1790.0,-64.0,7.895066668471035
800,2026-03-12 19:37:52.433238,True,66.9121,322.151301310625,,,
801,2026-03-13 19:31:31.501208,False,66.9032,323.1468923750926,1050.0,-55.0,12.959938984895777
802,2026-03-13 19:37:36.553177,True,66.9136,323.1511175136227,,,
803,2026-03-14 19:31:17.286009,False,66.6814,324.1467278473264,1780.0,-64.0,11.710902436338936
804,2026-03-14 19:37:22.524190,True,66.7186,324.150955141088,,,
805,2026-03-15 19:31:02.123988,False,66.3488,325.14655236097224,1860.0,-64.0,10.15996950956392
806,2026-03-15 19:37:06.701961,True,66.3117,325.1507720134375,,,
807,2026-03-16 19:31:46.169743,False,66.3652,326.1470621498032,1830.0,-54.0,10.481248918252208
808,2026-03-16 19:37:51.102622,True,66.4066,326.1512859099768,,,
809,2026-03-17 19:31:30.444820,False,66.431,327.14688014837964,1900.0,-64.0,9.381361219413808
810,2026-03-17 19:37:35.110637,True,66.3876,327.15110081755785,,,
811,2026-03-18 19:31:16.333640,False,66.3611,328.14671682453707,1660.0,-62.0,9.879525637102727
812,2026-03-18 19:37:21.113708,True,66.3464,328.1509388160648,,,
813,2026-03-19 19:11:59.898666,False,66.4803,329.13333216048613,,,
814,2026-03-19 21:07:10.708629,False,66.6025,329.21331838690975,1760.0,-63.0,14.37462979352626
815,2026-03-19 21:13:16.743412,True,66.6937,329.21755490060184,,,
816,2026-03-20 21:07:02.090186,False,66.7826,330.2132186364121,1730.0,-62.0,11.518817222917349
817,2026-03-20 21:13:07.537980,True,66.7404,330.21744835625003,,,
818,2026-03-21 21:07:58.887316,False,66.9938,331.21387601060184,1790.0,-62.0,10.722426052194775
819,2026-03-21 21:14:04.046896,True,66.9376,331.2181023946296,,,
820,2026-03-22 21:07:50.088312,False,66.8509,332.21377417027776,1740.0,-61.0,10.861686013202824
821,2026-03-22 21:13:55.324063,True,66.7088,332.21800143591435,,,
822,2026-03-23 21:07:43.500132,False,67.0443,333.2136979181944,1720.0,-62.0,10.278562627047767
823,2026-03-23 21:13:48.707899,True,67.0588,333.2179248599422,,,
824,2026-03-24 21:07:34.978074,False,66.9373,334.2135992832639,1720.0,-62.0,9.99554598039606
825,2026-03-24 21:13:40.546367,True,66.9437,334.2178303977662,,,
826,2026-03-25 21:07:27.460698,False,66.7735,335.21351227659727,1760.0,-61.0,7.994352266145149
827,2026-03-25 21:13:32.975699,True,66.7906,335.217742774294,,,
828,2026-03-26 21:07:19.332478,False,66.9453,336.2134181999769,1750.0,-60.0,9.797579391829004
829,2026-03-26 21:13:24.985206,True,66.9795,336.2176502917361,,,
830,2026-03-27 21:07:17.388315,False,67.0323,337.21339569809027,1720.0,-61.0,11.799112289307532
831,2026-03-27 21:13:22.780503,True,67.026,337.21762477434027,,,
832,2026-03-28 21:07:13.427682,False,67.0002,338.21334985743056,1780.0,-61.0,11.202569134833777
833,2026-03-28 21:13:18.765322,True,66.9505,338.217578302338,,,
834,2026-03-29 21:07:05.579426,False,66.7271,339.21325902113426,1780.0,-60.0,10.373912720550848
835,2026-03-29 21:13:10.698596,True,66.6822,339.2174849374538,,,
836,2026-03-30 21:07:57.330781,False,66.8694,340.2138579951505,1820.0,-63.0,10.152712046654962
837,2026-03-30 21:14:02.687886,True,66.9889,340.2180866653472,,,
838,2026-03-31 16:52:07.074703,False,66.8192,341.03619299424764,,,
839,2026-03-31 21:07:31.673529,False,66.5611,341.2135610362153,1790.0,-61.0,9.287864949748023
840,2026-03-31 21:13:36.839331,True,66.6142,341.21778749225695,,,
841,2026-04-01 21:07:26.048825,False,66.9782,342.2134959354745,1780.0,-61.0,9.811192966274996
842,2026-04-01 22:39:15.381851,False,67.1494,342.2772613640162,1790.0,-60.0,14.83757544363582
843,2026-04-01 22:45:18.467996,True,67.1101,342.2814637499538,,,
844,2026-04-01 22:51:25.903577,False,67.0791,342.2857164765856,,,
845,2026-04-02 22:39:23.250675,False,66.9215,343.2773524383681,1800.0,-61.0,10.456724044212605
846,2026-04-02 22:45:28.691228,True,66.9235,343.2815820743981,,,
847,2026-04-03 22:39:29.747287,False,66.7578,344.27742763063657,1820.0,-61.0,9.38019739672793
848,2026-04-03 22:45:35.109195,True,66.7586,344.28165635642364,,,
849,2026-04-04 22:39:22.723512,False,66.7471,345.2773463369445,1820.0,-60.0,9.589165557244318
850,2026-04-04 22:45:27.882773,True,66.7444,345.2815727172801,,,
851,2026-04-05 22:39:12.707843,False,67.0707,346.2772304148495,2150.0,-67.0,13.291422382326354
852,2026-04-05 22:45:17.903602,True,67.0407,346.2814572176157,,,
853,2026-04-06 22:39:01.081365,False,66.7428,347.277095849132,1780.0,-60.0,9.155985658687602
854,2026-04-06 22:45:06.234823,True,66.7706,347.2813221623033,,,
855,2026-04-07 22:39:49.375058,False,67.2142,348.277654803912,1820.0,-60.0,12.105100909816684
856,2026-04-07 22:45:54.713820,True,67.1878,348.2818832618056,,,
857,2026-04-08 22:39:39.501054,False,67.1595,349.2775405214583,1850.0,-60.0,10.140252564496407
858,2026-04-08 22:45:44.728854,True,67.1918,349.2817676950694,,,
859,2026-04-09 11:57:24.704561,False,66.7189,349.83153593241894,,,
860,2026-04-09 22:39:02.421565,False,66.9483,350.27711136070604,1880.0,-61.0,9.838917003787316
861,2026-04-09 22:45:07.727030,True,66.9836,350.2813394332176,,,
862,2026-04-10 16:53:57.611976,False,65.5397,351.0374723608333,,,
863,2026-04-11 20:40:29.929470,False,65.778,352.1947908503472,807.0,-51.0,15.201491582956145
864,2026-04-11 20:49:15.024699,True,65.7015,352.2008683414236,,,
865,2026-04-12 20:40:03.131398,False,65.6636,353.19448068747687,1400.0,-58.0,15.657742930471688
866,2026-04-12 20:51:26.965013,True,65.669,353.20239542839124,,,
867,2026-04-13 19:56:30.875971,False,65.5047,354.1642462496644,,,
868,2026-04-14 13:21:55.565199,False,65.2885,354.8902264490625,1630.0,-59.0,14.08573601086738
869,2026-04-14 13:28:00.683828,True,65.2973,354.8944523591203,,,
870,2026-04-15 13:21:47.123444,False,65.2904,355.8901287435648,1640.0,-59.0,12.573551351159756
871,2026-04-15 13:27:52.380420,True,65.3106,355.89435625486107,,,
872,2026-04-16 13:21:37.350303,False,65.2576,356.890015628507,1670.0,-59.0,9.898136646111675
873,2026-04-16 13:27:42.320744,True,65.2381,356.89423982342595,,,
874,2026-04-17 13:21:28.981465,False,65.2891,357.889918766956,1610.0,-58.0,11.736528954161152
875,2026-04-17 13:27:33.863922,True,65.3025,357.8941419435416,,,
876,2026-04-18 13:21:19.948855,False,65.363,358.88981422285883,1700.0,-59.0,19.22880710759473
877,2026-04-18 13:27:24.752358,True,65.3079,358.89403648562507,,,
878,2026-04-19 13:21:09.828741,False,65.3829,359.88969709190974,1670.0,-59.0,14.545264721447792
879,2026-04-19 13:27:14.689540,True,65.3809,359.8939200178241,,,
880,2026-04-20 13:21:00.668237,False,65.2361,360.8895910675579,1720.0,-58.0,10.722426052194637
881,2026-04-20 13:27:05.409449,True,65.2076,360.8938126093634,,,
882,2026-04-21 13:21:50.808224,False,65.299,361.89017139148143,1810.0,-59.0,10.78475760409532
883,2026-04-21 13:27:55.852732,True,65.2575,361.8943964436574,,,
884,2026-04-22 13:21:42.994195,False,65.2514,362.89008095133096,1870.0,-59.0,10.686315678686467
885,2026-04-22 13:27:44.742640,True,65.2482,362.8942678546297,,,
886,2026-04-23 13:21:33.949997,False,65.2673,363.8899762731134,1910.0,-59.0,12.276274608901918
887,2026-04-23 13:27:40.471750,True,65.2532,363.8942184230324,,,
888,2026-04-23 18:21:35.966111,False,65.0884,364.0983329410995,,,
889,2026-04-24 13:21:14.036229,False,65.3106,364.8897457896875,1910.0,-61.0,9.64434685532006
890,2026-04-24 13:27:17.290083,True,65.2877,364.8939501167014,,,
891,2026-04-25 13:21:06.208293,False,65.2989,365.8896551885764,1940.0,-60.0,9.202800747278316
892,2026-04-25 13:27:09.414457,True,65.2931,365.8938589636227,,,
893,2026-04-26 13:21:54.534228,False,65.2565,366.8902145165278,1320.0,-49.0,12.241254817011978
894,2026-04-26 13:27:57.364177,True,65.2824,366.89441393723376,,,
895,2026-04-27 13:21:43.653721,False,65.1693,367.89008858473386,1400.0,-58.0,13.656377292743093
896,2026-04-27 13:27:46.758807,True,65.2073,367.8942911898959,,,
897,2026-04-28 13:21:31.802236,False,65.0853,368.8899514147685,1440.0,-58.0,15.657742930471688
898,2026-04-28 13:27:34.619477,True,65.1259,368.8941506883912,,,
899,2026-04-29 13:21:19.223166,False,65.1585,369.8898058236806,1300.0,-51.0,9.199748830695205
900,2026-04-29 13:27:22.392250,True,65.1591,369.8940091695602,,,
901,2026-04-30 13:21:09.548462,False,65.1198,370.88969384793984,1320.0,-59.0,15.496630816497255
902,2026-04-30 13:27:12.634731,True,65.1573,370.89389623531247,,,
903,2026-05-01 13:21:57.731956,False,65.2449,371.89025152726856,1340.0,-59.0,12.482670884875908
904,2026-05-01 13:28:00.285173,True,65.2474,371.89444774505785,,,
905,2026-05-02 13:21:47.830182,False,65.2602,372.89013692340274,1400.0,-58.0,13.656377292743093
906,2026-05-02 13:27:50.951032,True,65.2678,372.8943397110185,,,
907,2026-05-03 22:04:43.415288,False,65.5473,374.253280269537,1010.0,-41.0,17.698351031684115
908,2026-05-03 22:14:00.311937,True,65.5356,374.2597258326042,,,
909,2026-05-04 22:04:47.888284,False,65.57,375.2533320403241,1250.0,-54.0,16.560319590626072
910,2026-05-04 22:16:10.753956,True,65.5178,375.2612355781945,,,
911,2026-05-05 22:04:56.055552,False,65.616,376.2534265688889,1300.0,-58.0,17.58364229226871
912,2026-05-05 22:15:47.422964,True,65.6048,376.2609655435648,,,
913,2026-05-06 22:04:34.047941,False,65.5943,377.253171851169,1300.0,-58.0,16.087584797946267
914,2026-05-06 22:13:50.080065,True,65.6353,377.2596074081597,,,
915,2026-05-07 22:04:20.656628,False,65.629,378.2530168591204,1360.0,-58.0,13.7317228226332
916,2026-05-07 22:14:09.290774,True,65.5264,378.25982975432873,,,
917,2026-05-08 22:04:05.292972,False,65.6233,379.2528390390278,1360.0,-58.0,16.087584797946267
918,2026-05-08 22:13:53.606737,True,65.6664,379.2596482261227,,,
919,2026-05-09 22:04:47.219394,False,65.6097,380.25332429854166,1400.0,-58.0,13.282789040366682
920,2026-05-09 22:14:35.992611,True,65.6535,380.2601388033681,,,
921,2026-05-10 22:04:33.045074,False,65.6749,381.2531602439121,1400.0,-59.0,11.8336527201309
922,2026-05-10 22:14:21.326585,True,65.619,381.2599690576968,,,
923,2026-05-11 21:58:33.716716,False,65.6088,382.2490013508796,,,
924,2026-05-11 22:07:18.072204,False,65.6591,382.2550702801389,941.0,-58.0,19.22880710759473
925,2026-05-11 22:15:31.428300,True,65.7014,382.2607804201389,,,
926,2026-05-12 22:07:18.228889,False,65.6405,383.2550720936227,1000.0,-57.0,16.48645142406469
927,2026-05-12 22:17:38.507220,True,65.6524,383.26225124097226,,,
928,2026-05-13 22:07:23.968267,False,65.6668,384.2551385216088,1040.0,-57.0,16.48645142406469
929,2026-05-13 22:14:01.962226,True,65.6882,384.2597449331713,,,
930,2026-05-14 22:07:46.888666,False,65.6642,385.25540380400463,1150.0,-56.0,16.786540850708366
931,2026-05-14 22:15:28.319763,True,65.6382,385.26074444170143,,,
932,2026-05-15 22:07:33.325267,False,65.675,386.25524682022,1110.0,-57.0,16.786540850708366
933,2026-05-15 22:15:47.166218,True,65.644,386.2609625719676,,,
934,2026-05-16 22:07:37.734715,False,65.655,387.2552978554976,1130.0,-60.0,13.65875562386246
935,2026-05-16 22:17:58.740493,True,65.6591,387.2624854223727,,,
936,2026-05-17 22:07:50.164536,False,65.6215,388.2554417191666,1160.0,-57.0,11.420098149460564
937,2026-05-17 22:16:03.845811,True,65.3742,388.26115562281245,,,
938,2026-05-18 22:07:53.914157,False,65.2886,389.2554851175579,1050.0,-46.0,15.162192752046623
939,2026-05-18 22:17:42.888089,True,65.3261,389.2623019454746,,,
940,2026-05-19 22:07:33.879443,False,65.6942,390.255253234294,1150.0,-57.0,13.083832573696464
941,2026-05-19 22:14:12.346150,True,65.681,390.25986511747686,,,
942,2026-05-20 22:07:02.723246,False,65.5977,391.2548926301621,800.0,-39.0,19.22880710759944
943,2026-05-20 22:15:48.187498,True,65.6325,391.260974392338,,,
944,2026-05-21 22:07:39.855293,False,65.6172,392.2553223992245,1180.0,-58.0,14.369020429630131
945,2026-05-21 22:15:53.620985,True,65.6049,392.261037279919,,,
946,2026-05-22 22:07:44.273337,False,65.5975,393.25537353399307,1160.0,-58.0,10.93829257822137
947,2026-05-22 22:17:01.769715,True,65.6238,393.2618260383681,,,
948,2026-05-23 22:07:53.217045,False,65.7162,394.2554770491319,857.0,-53.0,38.331057270495705
949,2026-05-23 22:16:38.628242,True,65.7295,394.2615581972454,,,
950,2026-05-24 22:07:27.159776,False,65.7393,395.2551754603704,664.0,-32.0,19.738959132896987
951,2026-05-24 22:15:09.200957,True,65.7518,395.2605231592245,,,
952,2026-05-25 22:07:00.477803,False,65.5486,396.2548666412384,949.0,-59.0,16.786540850708366
953,2026-05-25 22:14:42.207205,True,65.5291,396.26021073153936,,,
954,2026-05-26 22:07:32.082881,False,65.5938,397.2552324407524,947.0,-58.0,16.786540850708366
955,2026-05-26 22:14:42.327953,True,65.6688,397.2602121290857,,,
956,2026-05-27 21:48:50.605038,False,65.6261,398.242252373125,,,
957,2026-05-27 22:07:20.802862,False,65.5459,398.2551018849769,969.0,-57.0,16.786540850708366
958,2026-05-27 22:13:26.288489,True,65.6334,398.2593320426968,,,
959,2026-05-28 22:07:12.340147,False,65.6827,399.25500393688657,984.0,-58.0,19.49623722912509
960,2026-05-28 22:13:17.844526,True,65.6757,399.2592343116435,,,
961,2026-05-29 22:07:58.909294,False,65.5795,400.2555429316436,1010.0,-57.0,17.663593421161274
962,2026-05-29 22:14:04.327481,True,65.6015,400.259772308808,,,
963,2026-05-30 22:07:52.826066,False,65.5325,401.2554725239121,1030.0,-57.0,21.74032477063452
964,2026-05-30 22:13:58.063197,True,65.5853,401.2596998055209,,,
965,2026-05-31 22:07:42.566652,False,65.5682,402.2553537806944,894.0,-58.0,17.698351031684115
966,2026-05-31 22:13:47.981950,True,65.581,402.2595831244213,,,
967,2026-06-01 22:07:29.335526,False,65.553,403.255200642662,941.0,-56.0,12.134641764270851
968,2026-06-01 22:13:34.920710,True,65.5469,403.25943195266206,,,
969,2026-06-02 22:07:18.902351,False,65.5662,404.25507988832175,1750.0,-20.0,17.629904874444758
970,2026-06-02 22:13:24.304978,True,65.5822,404.2593090853935,,,
971,2026-06-03 22:07:04.805821,False,65.5508,405.2549167340394,865.0,-58.0,14.754220668781263
972,2026-06-03 22:13:10.077517,True,65.5962,405.2591444157061,,,
973,2026-06-04 22:07:34.055150,False,65.5987,406.25525526793984,936.0,-57.0,17.69835103168022
974,2026-06-04 22:13:39.492049,True,65.5586,406.2594848616783,,,
975,2026-06-05 22:07:07.365000,False,65.5044,407.2549463541666,928.0,-57.0,15.696985393946708
976,2026-06-05 22:13:12.671173,True,65.5456,407.2591744348727,,,
977,2026-06-06 22:07:29.449544,False,65.5323,408.25520196231474,982.0,-58.0,17.012976843838405
978,2026-06-06 22:13:34.842555,True,65.5458,408.2594310480903,,,
979,2026-06-07 22:07:32.332453,False,65.5109,409.2552353293171,976.0,-57.0,17.938368889737387
980,2026-06-07 22:13:37.824373,True,65.4952,409.25946555987264,,,
981,2026-06-08 22:07:25.138675,False,65.6658,410.2551520679977,614.0,28.0,18.75789754576793
982,2026-06-08 22:13:30.523662,True,65.6528,410.25938106090274,,,
983,2026-06-09 22:07:21.849524,False,65.5385,411.25511399912034,751.0,-57.0,18.58707741060237
984,2026-06-09 22:13:27.204244,True,65.5532,411.259342641713,,,
985,2026-06-10 22:07:27.281979,False,65.3185,412.25517687475696,824.0,-57.0,18.37855373208687
986,2026-06-10 22:13:32.570588,True,65.2975,412.2594047521759,,,
987,2026-06-11 22:07:33.014373,False,65.6212,413.2552432219097,892.0,-57.0,16.20713741925846
988,2026-06-11 22:13:38.242859,True,65.6013,413.2594704034606,,,
