,Measurement Datetime,Real Days,Temperature (C),Relative Humidity (%)
0,2024-11-04 15:25:00,0.0,24.3,38.0
1,2024-11-05 11:32:00,0.8381944444444445,52.3,30.0
2,2024-11-05 18:01:00,1.1083333333333334,56.6,30.0
3,2024-11-06 11:03:00,1.8180555555555555,64.0,28.0
4,2024-11-06 17:57:00,2.105555555555556,60.0,30.0
5,2024-11-12 09:26:00,7.750694444444445,58.7,27.0
6,2024-11-15 11:06:00,10.82013888888889,60.3,29.0
7,2024-11-18 11:18:00,13.828472222222222,61.0,31.0
8,2024-11-20 16:58:00,16.064583333333335,59.7,41.0
9,2024-11-21 09:30:00,16.75347222222222,60.0,40.0
10,2024-11-25 09:57:00,20.772222222222226,61.0,34.0
11,2024-11-26 12:24:00,21.874305555555555,61.3,37.0
12,2024-12-02 10:25:00,27.791666666666668,58.0,34.0
13,2024-12-09 16:42:00,35.05347222222222,60.3,42.0
14,2024-12-11 16:09:00,37.03055555555556,63.0,36.0
15,2024-12-19 14:30:00,44.96180555555555,63.7,40.0
16,2024-12-23 16:47:34,49.05733796296297,64.33999999999999,39.72918972508292
17,2024-12-23 17:21:50,49.08113425925925,64.55000000000001,41.20819174008625
18,2024-12-23 17:37:21,49.09190972222223,64.39,40.99766914610519
19,2024-12-24 05:50:51,49.60128472222223,64.79666666666667,39.43110594947255
20,2024-12-24 18:04:22,50.110671296296296,65.11,38.62823896469597
21,2024-12-25 06:17:53,50.62005787037037,65.80666666666667,37.67664213100564
22,2024-12-25 18:31:23,51.12943287037037,64.80999999999999,36.63769245540514
23,2024-12-26 06:44:54,51.63881944444444,65.88333333333333,35.321656283320905
24,2024-12-26 18:58:25,52.14820601851852,65.54666666666667,41.40685139973668
25,2024-12-27 07:11:56,52.6575925925926,64.92666666666666,35.94658647652488
26,2024-12-27 19:25:27,53.16697916666666,65.48,37.47486722926542
27,2024-12-28 07:38:57,53.67635416666666,66.02333333333333,34.843379335237664
28,2024-12-28 19:52:28,54.185740740740734,65.32000000000001,36.67421350860369
29,2024-12-29 08:05:59,54.69512731481482,66.10666666666667,35.04073570847369
30,2024-12-29 20:19:30,55.20451388888889,66.21999999999998,34.69605164080122
31,2024-12-30 08:33:00,55.713888888888896,65.81,35.45714133035817
32,2024-12-30 11:11:32,55.82398148148149,64.67,34.359482915398125
33,2024-12-30 23:25:03,56.33336805555555,65.12666666666667,33.7553683856647
34,2024-12-31 11:38:32,56.842731481481486,64.49666666666667,34.79932795370254
35,2024-12-31 18:08:55,57.11383101851852,64.24666666666667,33.63524466944508
36,2025-01-01 06:22:25,57.62320601851852,63.85666666666666,32.0162231912486
37,2025-01-01 18:35:56,58.132592592592594,63.85,32.6978938254821
38,2025-01-02 06:49:25,58.64195601851852,63.43666666666667,32.20874385709497
39,2025-01-02 19:02:56,59.15134259259259,64.05333333333333,35.660644375420055
40,2025-01-03 07:16:27,59.66072916666666,64.20666666666666,34.63997216984551
41,2025-01-03 19:29:57,60.17010416666667,63.67666666666667,35.10022610455952
42,2025-01-04 07:43:28,60.67949074074073,64.06666666666666,31.31820885596695
43,2025-01-04 19:56:58,61.18886574074074,63.86333333333332,32.11393431837186
44,2025-01-05 08:10:29,61.698252314814816,63.77333333333333,32.04105157871381
45,2025-01-05 20:24:00,62.20763888888889,63.69,37.03356692328549
46,2025-01-06 09:24:32,62.749675925925935,62.946666666666665,45.97960849971861
47,2025-01-06 21:37:43,63.258831018518514,64.84333333333333,38.71277540680318
48,2025-01-07 09:50:57,63.76802083333333,64.92333333333333,37.84654137881025
49,2025-01-07 22:04:08,64.27717592592593,64.75333333333333,38.36019608067466
50,2025-01-08 10:17:20,64.78634259259259,65.09000000000002,37.33270528316596
51,2025-01-08 22:30:31,65.29549768518518,65.39999999999999,36.75655748542812
52,2025-01-09 10:43:44,65.80467592592593,64.91666666666667,35.600776540846915
53,2025-01-09 22:56:56,66.3138425925926,65.45333333333333,36.400677963653386
54,2025-01-10 10:55:35,66.81290509259259,64.97666666666667,33.95982214632321
55,2025-01-10 11:21:13,66.83070601851851,65.26333333333334,34.207822590142136
56,2025-01-10 23:34:24,67.3398611111111,65.03333333333333,30.24731203714316
57,2025-01-11 11:47:37,67.84903935185186,65.37666666666667,31.83775339881496
58,2025-01-12 00:00:49,68.35820601851852,65.25333333333333,33.95064418477821
59,2025-01-12 12:14:00,68.86736111111111,65.20666666666666,32.14296599993951
60,2025-01-13 00:27:12,69.37652777777778,65.62,33.17085980591453
61,2025-01-13 12:40:25,69.88570601851852,65.56666666666666,33.95365914076814
62,2025-01-14 00:53:37,70.39487268518518,65.53666666666668,34.50719070527867
63,2025-01-15 10:18:32,71.78717592592592,63.88999999999999,38.742424336284046
64,2025-01-17 10:34:35,73.79832175925925,64.05,38.03305274060688
65,2025-01-17 16:11:37,74.0323726851852,64.05,34.95524987497286
66,2025-01-18 04:17:04,74.5361574074074,64.05,34.40937812608602
67,2025-01-18 16:22:31,75.03994212962962,64.05,34.1764461709916
68,2025-01-19 04:27:58,75.54372685185184,65.51666666666667,33.31742229152522
69,2025-01-19 16:33:25,76.04751157407408,65.51666666666667,32.242242650669645
70,2025-01-20 04:38:52,76.5512962962963,65.51666666666667,38.063522151096045
71,2025-01-20 16:44:19,77.05508101851852,65.51666666666667,30.165629133347725
72,2025-01-21 04:49:46,77.55886574074074,65.51666666666667,34.01352977674487
73,2025-01-21 12:32:33,77.88024305555555,65.51666666666667,32.322918142478535
74,2025-01-21 19:22:34,78.16497685185185,65.62,32.11537756771389
75,2025-01-22 07:35:47,78.6741550925926,65.61,31.43409696754093
76,2025-01-22 16:11:58,79.03261574074074,65.68666666666667,32.700590503310686
77,2025-01-23 04:25:09,79.54177083333333,65.62,33.52868009474625
78,2025-01-23 16:38:20,80.05092592592592,65.61999999999999,33.744629458015325
79,2025-01-24 04:51:31,80.56008101851852,65.61999999999999,32.53186370486959
80,2025-01-24 17:14:34,81.07608796296296,65.61999999999999,38.37757838091334
81,2025-01-25 05:27:46,81.58525462962963,65.61999999999999,35.434518862341484
82,2025-01-25 17:40:58,82.09442129629629,65.61999999999999,32.56612728743312
83,2025-01-26 05:54:11,82.60359953703704,65.61999999999999,32.05772918591357
84,2025-01-26 18:07:23,83.1127662037037,65.61999999999999,32.92293051845378
85,2025-01-27 06:20:34,83.62192129629629,65.61999999999999,33.66514775386031
86,2025-01-27 18:33:46,84.13108796296295,65.61999999999999,33.61014810604144
87,2025-01-28 06:46:59,84.6402662037037,65.61999999999999,32.54425753747104
88,2025-01-28 19:00:10,85.1494212962963,65.61999999999999,34.66189590931455
89,2025-01-29 07:13:22,85.65858796296295,65.61999999999999,38.4530312469756
90,2025-01-29 19:26:33,86.16774305555556,62.82999999999999,38.32556570342322
91,2025-01-30 07:39:46,86.6769212962963,62.82999999999999,36.636925031573206
92,2025-01-30 19:52:58,87.18608796296296,62.82999999999999,36.15261437558802
93,2025-01-31 08:06:09,87.69524305555557,62.82999999999999,36.53809238425655
94,2025-01-31 12:37:53,87.88394675925925,62.82999999999999,39.14391874943444
95,2025-02-01 00:51:05,88.39311342592593,62.82999999999999,37.63397349346973
96,2025-02-01 13:04:18,88.90229166666667,62.82999999999999,39.19642979827939
97,2025-02-02 01:17:30,89.41145833333333,62.82999999999999,37.73605120509579
98,2025-02-02 13:30:42,89.92062499999999,62.82999999999999,38.13711456875276
99,2025-02-03 01:43:54,90.42979166666667,62.82999999999999,40.74506571238548
100,2025-02-03 13:57:07,90.9389699074074,62.82999999999999,37.78357930301056
101,2025-02-04 02:10:19,91.44813657407408,62.82999999999999,38.51110056319753
102,2025-02-05 11:29:45,92.83663194444443,62.29666666666666,36.74214673001484
103,2025-02-05 23:42:57,93.3457986111111,61.96333333333333,38.06316491647179
104,2025-02-06 11:56:09,93.85496527777777,61.943333333333335,38.41927964664267
105,2025-02-07 00:09:21,94.36413194444444,61.82,37.93490045032898
106,2025-02-07 12:22:34,94.8733101851852,61.78,39.07761393827934
107,2025-02-10 11:07:55,97.8214699074074,60.78333333333333,48.901789171189634
108,2025-02-10 23:21:07,98.33063657407406,61.26666666666667,39.20052893467192
109,2025-02-11 11:34:20,98.83981481481482,61.46333333333334,37.028854573598665
110,2025-02-11 23:47:32,99.34898148148147,61.28666666666667,40.35595934480215
111,2025-02-12 12:00:44,99.85814814814816,61.00333333333333,42.979538647869525
112,2025-02-13 10:04:33,100.77746527777776,61.25666666666666,40.04526943678975
113,2025-02-14 17:25:30,102.08368055555556,56.38,42.40780973823548
114,2025-02-15 05:39:07,102.59313657407408,64.25333333333333,38.8235758049051
115,2025-02-15 17:52:44,103.1025925925926,64.51666666666667,39.26711406176263
116,2025-02-16 06:06:21,103.6120486111111,64.58,37.45232002750527
117,2025-02-16 18:20:00,104.12152777777776,64.76,36.343060435098224
118,2025-02-17 06:33:38,104.63099537037036,64.78,36.08167410550045
119,2025-02-17 18:12:04,105.11601851851852,64.92999999999999,35.60361699102472
120,2025-02-18 06:25:32,105.62537037037036,65.02666666666666,35.26882237663784
121,2025-02-18 18:36:26,106.1329398148148,65.19333333333333,36.50430562787468
122,2025-02-19 06:49:39,106.64211805555556,65.05,36.51183262598612
123,2025-02-20 17:13:25,108.07528935185184,65.48333333333333,36.91342852873237
124,2025-02-21 05:26:38,108.5844675925926,65.55666666666667,34.60859979412833
125,2025-02-21 16:06:48,109.02902777777776,65.69,37.71680691165424
126,2025-02-22 04:19:59,109.53818287037036,65.55666666666667,35.40465309694305
127,2025-02-22 16:33:10,110.04733796296296,65.67666666666666,34.57391031888819
128,2025-02-23 04:46:23,110.55651620370372,65.48,36.43468940038324
129,2025-02-23 16:59:34,111.06567129629632,65.33666666666666,37.50175401043715
130,2025-02-24 05:12:45,111.57482638888888,65.54333333333334,36.51630687832521
131,2025-02-24 17:25:56,112.08398148148147,65.58333333333334,37.02217996009034
132,2025-02-25 05:39:09,112.5931597222222,65.27666666666666,37.14037522618472
133,2025-02-25 17:52:21,113.1023263888889,65.08,38.01484024139161
134,2025-02-26 06:05:33,113.61149305555556,63.92,36.76959685859416
135,2025-02-26 17:57:33,114.1059375,63.93333333333334,48.84030743631286
136,2025-02-27 06:10:46,114.61511574074072,63.48666666666666,47.72241969603376
137,2025-02-27 18:23:59,115.12429398148149,63.9,47.10117538586791
138,2025-02-28 06:37:11,115.63346064814812,63.70000000000001,49.51497842009091
139,2025-02-28 18:50:23,116.14262731481482,63.76,48.35613680788875
140,2025-03-01 07:03:37,116.65181712962963,63.85,47.37821433312507
141,2025-03-01 19:16:49,117.1609837962963,63.82666666666666,45.3713472476815
142,2025-03-02 07:30:01,117.67015046296297,63.88,46.70892482964009
143,2025-03-02 19:43:13,118.17931712962964,63.76666666666667,44.828069705773736
144,2025-03-03 07:56:27,118.68850694444446,63.96333333333333,43.86927875373624
145,2025-03-03 20:09:39,119.1976736111111,64.13,43.653006647403934
146,2025-03-04 08:22:51,119.70684027777776,64.04666666666667,44.00717058646715
147,2025-03-04 20:36:03,120.21600694444444,64.11333333333334,44.50383994012139
148,2025-03-05 08:49:16,120.72518518518518,64.08999999999999,45.84396432715504
149,2025-03-05 21:02:28,121.23435185185186,64.18333333333334,43.93528833694707
150,2025-03-06 09:15:40,121.74351851851851,64.17999999999999,43.5551950691756
151,2025-03-07 14:36:50,122.96655092592594,64.15666666666668,43.89070695811001
152,2025-03-07 16:12:19,123.03285879629632,64.15666666666668,41.82099150313017
153,2025-03-08 04:25:31,123.54202546296295,64.15666666666668,45.87298092838026
154,2025-03-08 16:38:43,124.05119212962964,64.15666666666668,44.36753725384051
155,2025-03-09 04:51:57,124.56038194444444,64.15666666666668,42.56540782220444
156,2025-03-09 17:05:09,125.0695486111111,63.47,45.15901948287731
157,2025-03-10 05:18:21,125.5787152777778,63.47,42.03488038731541
158,2025-03-10 17:31:33,126.08788194444443,63.47,42.21242578816166
159,2025-03-11 05:44:46,126.5970601851852,63.47,42.22329070159953
160,2025-03-11 17:57:58,127.10622685185184,63.47,51.58024021374087
161,2025-03-12 13:15:58,127.91039351851852,63.51333333333333,51.29224382530276
162,2025-03-19 17:41:52,135.0950462962963,64.98666666666666,44.61155960768889
163,2025-03-20 05:55:04,135.60421296296298,65.26666666666667,45.19997209765928
164,2025-03-20 18:00:53,136.10825231481482,65.20666666666666,45.73483000483961
165,2025-03-21 06:14:06,136.61743055555556,65.31333333333333,47.238771121912
166,2025-03-21 18:27:19,137.12660879629632,65.17333333333333,46.28648222419539
167,2025-03-22 06:40:32,137.63578703703703,65.30666666666666,46.73945898782933
168,2025-03-22 18:53:45,138.14496527777777,65.39333333333333,47.51306494092992
169,2025-03-23 07:06:57,138.65413194444446,64.97333333333334,46.16585055842999
170,2025-03-23 19:20:10,139.16331018518517,65.33,45.08368297649383
171,2025-03-24 07:33:24,139.6725,65.31,46.92386558718305
172,2025-03-24 19:46:36,140.18166666666667,65.34666666666668,43.82577935265181
173,2025-03-25 07:59:48,140.69083333333333,65.18333333333334,45.58900421546812
174,2025-03-25 20:13:01,141.20001157407407,65.36666666666666,46.14306548403813
175,2025-03-26 08:26:15,141.70920138888889,64.98,45.4782649951816
176,2025-03-26 20:39:27,142.21836805555557,65.25,45.61530484949764
177,2025-03-27 08:52:40,142.72754629629628,64.92,44.439312106546055
178,2025-03-27 18:44:02,143.13821759259258,65.25333333333333,41.32833186534077
179,2025-03-28 06:57:16,143.6474074074074,65.25333333333333,35.42147847462425
180,2025-03-28 19:10:28,144.1565740740741,65.25333333333333,37.15670523858066
181,2025-03-29 07:23:41,144.6657523148148,65.25333333333333,37.45996651907071
182,2025-03-29 19:36:54,145.17493055555556,65.22000000000001,38.09947310136834
183,2025-03-30 07:50:08,145.68412037037038,65.22000000000001,35.84973009985863
184,2025-03-30 20:03:21,146.19329861111112,65.22000000000001,36.26685248558388
185,2025-03-31 17:33:22,147.0891435185185,65.43666666666667,32.168856716046776
186,2025-04-01 05:46:33,147.59829861111112,65.10333333333334,31.75028514919825
187,2025-04-01 17:59:44,148.1074537037037,65.29666666666667,31.19821889507508
188,2025-04-02 06:12:56,148.61662037037036,65.23666666666666,30.35551314641698
189,2025-04-02 14:59:30,148.98229166666667,65.43666666666667,30.18474231284913
190,2025-04-03 03:12:42,149.49145833333333,65.39666666666666,28.46110226648482
191,2025-04-03 15:25:53,150.00061342592593,65.58333333333334,28.25841020064693
192,2025-04-04 03:39:04,150.50976851851854,65.17333333333333,28.608722420392777
193,2025-04-04 15:52:16,151.0189351851852,65.47333333333333,29.980253189135663
194,2025-04-05 04:05:27,151.52809027777778,65.42333333333335,28.479911345795387
195,2025-04-05 16:18:38,152.03724537037036,65.52999999999999,29.143420708026035
196,2025-04-06 04:31:49,152.54640046296296,65.32,28.237562957038385
197,2025-04-06 16:45:01,153.05556712962962,65.61,28.239501713996056
198,2025-04-07 04:58:12,153.56472222222223,65.51666666666667,28.427742993042767
199,2025-04-08 10:05:09,154.77788194444443,65.69333333333333,27.58179914234817
200,2025-04-08 22:18:21,155.28704861111112,65.69333333333333,28.012354128280418
201,2025-04-09 10:31:32,155.7962037037037,65.61999999999999,27.57137616412802
202,2025-04-10 17:19:42,157.0796527777778,65.46666666666667,28.07928887381534
203,2025-04-11 05:33:16,157.58907407407406,65.18666666666667,27.07413746333654
204,2025-04-11 17:46:31,158.09827546296296,65.49666666666667,28.38987480186185
205,2025-04-12 05:59:48,158.6075,65.18,26.15182578877759
206,2025-04-12 18:13:02,159.1166898148148,65.38333333333334,26.96755387499114
207,2025-04-13 06:26:17,159.6258912037037,65.25,26.19159568990916
208,2025-04-13 18:39:30,160.13506944444444,65.47666666666667,27.44897077997144
209,2025-04-14 06:52:45,160.64427083333334,65.35333333333334,26.670293943708167
210,2025-04-14 19:05:59,161.15346064814815,65.53333333333332,28.150323160336605
211,2025-04-15 07:19:16,161.66268518518518,65.29666666666667,26.67499998562501
212,2025-04-15 19:32:31,162.17188657407408,65.48666666666666,28.09009625909176
213,2025-04-16 07:45:46,162.68108796296295,65.36,27.144796010825367
214,2025-04-16 19:59:01,163.19028935185185,65.36333333333333,27.209034435183984
215,2025-04-17 08:12:16,163.69949074074074,65.42,27.147722476957103
216,2025-04-17 20:25:32,164.2087037037037,65.28666666666668,26.841414029439715
217,2025-04-18 08:38:46,164.7178935185185,65.15,26.562132614059927
218,2025-04-21 09:55:41,167.77130787037035,65.38666666666667,25.383394970055168
219,2025-04-21 22:09:20,168.28078703703704,65.49666666666667,26.94138924170868
220,2025-04-22 17:51:34,169.1017824074074,65.65333333333334,27.816386429472253
221,2025-04-23 06:04:47,169.61096064814814,65.65666666666667,28.731173290278868
222,2025-04-23 18:17:59,170.12012731481482,65.69666666666667,30.368637201612493
223,2025-04-24 06:31:10,170.6292824074074,65.60000000000001,30.791693164794303
224,2025-04-24 18:06:48,171.1123611111111,65.69999999999999,33.2912115931673
225,2025-04-25 11:57:55,171.85619212962965,65.72666666666667,30.027514009677645
226,2025-04-25 15:37:38,172.00877314814815,65.72000000000001,29.56008058909928
227,2025-04-26 03:55:49,172.521400462963,65.63666666666667,29.549158272102
228,2025-04-26 16:14:02,173.03405092592592,65.67999999999999,29.240310211886733
229,2025-04-27 04:32:13,173.54667824074076,65.67999999999999,28.101644511120845
230,2025-04-27 16:50:26,174.0593287037037,65.67999999999999,28.213730462528403
231,2025-04-28 05:08:40,174.57199074074072,65.60000000000001,27.096760472268578
232,2025-04-28 17:26:38,175.08446759259257,65.98666666666666,28.92581095630571
233,2025-04-29 05:44:36,175.59694444444446,66.01333333333334,28.26259878171897
234,2025-04-29 18:02:52,176.1096296296296,65.95,28.81371470136752
235,2025-04-30 06:21:08,176.6223148148148,66.07333333333334,28.2865418893418
236,2025-04-30 18:39:24,177.135,66.08999999999999,28.844967326401303
237,2025-05-01 06:57:39,177.64767361111112,66.03333333333333,28.373305914321683
238,2025-05-01 19:15:55,178.16035879629626,65.93666666666667,29.49360608862424
239,2025-05-02 07:34:11,178.67304398148147,65.92333333333333,28.85342001067139
240,2025-05-02 19:52:14,179.18557870370373,66.04,29.330571336820324
241,2025-05-03 08:10:31,179.69827546296298,65.92,29.068235383655463
242,2025-05-03 20:28:47,180.21096064814813,65.96666666666665,30.753016725010344
243,2025-05-04 08:47:02,180.72363425925928,66.05,28.115610290690235
244,2025-05-04 21:05:19,181.2363310185185,65.97333333333333,28.374203409066865
245,2025-05-05 16:32:34,182.0469212962963,66.14333333333333,28.79480723296882
246,2025-05-05 17:36:27,182.0912847222222,66.14,28.91377111814562
247,2025-05-06 05:54:11,182.60359953703707,66.05666666666667,27.811212859418017
248,2025-05-06 18:12:00,183.11597222222224,65.87,28.098056672031703
249,2025-05-07 06:29:49,183.62834490740727,66.02999999999999,27.19365542122384
250,2025-05-07 18:47:36,184.1406944444444,65.99333333333334,27.8230035119136
251,2025-05-08 07:05:24,184.6530555555556,65.99333333333334,26.612731967778224
252,2025-05-08 19:23:13,185.1654282407408,65.99333333333334,28.30219128987121
253,2025-05-09 07:41:01,185.67778935185183,65.99333333333334,27.271514561197943
254,2025-05-09 19:58:49,186.1901504629629,65.99333333333334,27.719170205496813
255,2025-05-10 08:16:37,186.70251157407404,65.99333333333334,27.775459087095257
256,2025-05-10 20:34:25,187.2148726851852,65.99333333333334,27.76706573384837
257,2025-05-11 08:52:13,187.7272337962963,66.01,27.6327824186719
258,2025-05-11 21:10:01,188.23959490740745,66.01,27.58298537732119
259,2025-05-12 09:27:50,188.75196759259256,66.01,27.322176891582803
260,2025-05-12 21:45:38,189.2643287037037,66.01,27.887796102078173
261,2025-05-13 10:03:26,189.77668981481483,66.01,27.388453598596502
262,2025-05-13 22:21:13,190.28903935185187,66.01,27.97007122489436
263,2025-05-14 09:53:58,190.77011574074075,66.00333333333333,27.854052735635992
264,2025-05-14 22:11:38,191.2823842592593,65.94666666666667,28.35482081132739
265,2025-05-15 10:29:18,191.79465277777777,66.03,28.01391060206513
266,2025-05-15 22:46:58,192.3069212962963,65.98333333333333,28.82247204749316
267,2025-05-19 09:54:18,195.7703472222222,66.0,28.398218378053105
268,2025-05-19 22:12:06,196.2827083333333,65.85000000000001,27.906743136503056
269,2025-05-20 10:29:53,196.7950578703704,65.79333333333334,27.84961060227236
270,2025-05-20 12:01:07,196.85841435185185,65.88333333333334,27.735301724490107
271,2025-05-21 00:18:49,197.3707060185185,65.95666666666666,28.282740008466
272,2025-05-21 12:36:34,197.8830324074074,65.72,27.87296397063803
273,2025-05-22 00:54:19,198.39535879629628,65.83,28.066360582828928
274,2025-05-22 13:12:02,198.90766203703703,65.70666666666666,28.07223073059595
275,2025-05-23 01:29:49,199.42001157407404,65.72666666666667,27.287252042771904
276,2025-05-23 13:47:34,199.9323379629629,65.69666666666667,28.11748496098585
277,2025-05-24 02:05:19,200.44466435185183,65.64999999999999,27.279714110794355
278,2025-05-24 14:23:04,200.9569907407408,65.57,27.7540751349879
279,2025-05-25 02:40:50,201.4693287037037,65.51666666666667,27.299665008195603
280,2025-05-25 14:58:35,201.9816550925926,65.38666666666667,28.14382852871105
281,2025-05-26 03:16:21,202.4939930555556,65.40666666666667,28.734518688074488
282,2025-05-26 15:34:06,203.00631944444444,65.44000000000001,28.4865564988052
283,2025-05-27 03:51:52,203.5186574074074,65.42333333333333,27.4006028059701
284,2025-05-27 16:09:35,204.03096064814807,64.94666666666667,28.91820100011208
285,2025-05-27 17:01:47,204.0672106481481,64.89666666666666,28.08420259545433
286,2025-05-28 05:19:34,204.5795601851852,65.19,28.123588322496985
287,2025-05-28 17:00:47,205.0665162037037,65.11333333333333,28.002372683918672
288,2025-05-29 05:18:30,205.57881944444443,65.15,26.646511811450605
289,2025-05-29 17:36:12,206.0911111111111,65.21,28.28220597047984
290,2025-05-30 05:53:54,206.6034027777778,65.42333333333333,28.380819759636346
291,2025-05-30 10:54:37,206.81223379629628,65.38333333333334,28.4334730095272
292,2025-05-30 23:12:25,207.32459490740743,65.21666666666667,28.270376142952628
293,2025-05-31 11:30:13,207.8369560185185,65.26,27.85832586038572
294,2025-05-31 23:48:00,208.3493055555556,65.24666666666667,27.976962763682348
295,2025-06-01 12:05:47,208.8616550925926,65.21,27.70323513028255
296,2025-06-02 00:23:35,209.3740162037037,65.33333333333333,28.440013583710066
297,2025-06-02 12:41:22,209.8863657407408,65.04666666666667,29.947328133416374
298,2025-06-02 19:04:07,210.15216435185184,65.25,28.23544628666837
299,2025-06-03 07:21:51,210.66447916666664,65.32666666666667,28.408595356710087
300,2025-06-03 14:08:36,210.94694444444443,65.15333333333334,29.86666653440825
301,2025-06-03 16:22:45,211.04010416666665,65.15333333333334,28.4026938712633
302,2025-06-03 20:22:34,211.2066435185185,65.15333333333334,28.03025210878423
303,2025-06-04 20:21:31,212.20591435185187,65.15333333333334,27.554305862138325
304,2025-06-06 15:05:08,213.9862037037037,65.15333333333334,28.59402252581685
305,2025-06-06 16:19:20,214.03773148148147,65.15333333333334,29.258667338881303
306,2025-06-06 16:51:15,214.0598958333333,65.15333333333334,29.72526511297757
307,2025-06-06 20:21:38,214.2059953703704,65.15333333333334,28.08168408841607
308,2025-06-07 08:22:17,214.70644675925925,64.46666666666668,28.77355313876036
309,2025-06-07 20:21:36,215.2059722222222,64.46666666666668,27.904823877904168
310,2025-06-08 08:22:14,215.70641203703704,64.46666666666668,28.0456374002312
311,2025-06-08 20:21:33,216.2059375,64.46666666666668,28.71314690254048
312,2025-06-09 08:22:13,216.70640046296296,64.46666666666668,27.68353642068536
313,2025-06-09 15:30:16,217.00365740740745,64.46666666666668,29.32961491025725
314,2025-06-09 20:21:53,217.20616898148148,64.46666666666668,28.94218428173164
315,2025-06-10 08:21:57,217.7062152777778,64.46666666666668,27.768252549323734
316,2025-06-11 20:21:26,219.2058564814815,65.52,27.903253187887906
317,2025-06-12 08:21:49,219.7061226851852,65.57,27.294178651939955
318,2025-06-12 20:22:02,220.2062731481481,65.62333333333333,27.40125044725428
319,2025-06-13 08:22:21,220.7064930555555,65.50666666666666,26.63480833214416
320,2025-06-13 20:22:33,221.20663194444444,65.65666666666668,27.51480395779187
321,2025-06-14 08:22:23,221.70651620370373,65.66333333333334,26.96023976524196
322,2025-06-14 20:22:06,222.2063194444444,65.63,27.463159862190064
323,2025-06-15 08:21:56,222.7062037037037,65.63666666666666,26.892188175381712
324,2025-06-15 20:22:47,223.20679398148147,65.81666666666666,27.93818515784935
325,2025-06-16 08:22:37,223.7066782407408,65.74333333333333,26.48946842652764
326,2025-06-16 20:22:31,224.2066087962963,65.82,27.267592591537586
327,2025-06-17 08:22:26,224.706550925926,65.83,27.8302549904729
328,2025-06-17 20:21:46,225.20608796296293,65.79,27.18616554972257
329,2025-06-18 08:21:52,225.7061574074074,65.87666666666667,26.610201545411364
330,2025-06-18 20:22:35,226.20665509259257,65.61333333333333,27.39624373847299
331,2025-06-19 08:22:37,226.7066782407408,65.84666666666666,27.67068112409244
332,2025-06-19 20:22:35,227.20665509259257,65.81,26.910954035196102
333,2025-06-20 08:22:52,227.70685185185184,65.92,26.629586547564443
334,2025-06-20 20:22:51,228.2068402777778,65.77999999999999,27.13394721920269
335,2025-06-21 08:22:50,228.70682870370368,65.82,26.514467056379697
336,2025-06-21 20:22:49,229.20681712962963,65.66666666666667,26.96075731505212
337,2025-06-22 08:22:49,229.70681712962963,65.75,26.87431094002717
338,2025-06-22 20:22:50,230.20682870370368,65.80999999999999,27.87708432941969
339,2025-06-23 08:22:16,230.7064351851852,65.8,26.78500189114133
340,2025-06-23 20:21:49,231.2061226851852,65.83333333333333,27.73023776844684
341,2025-06-24 08:21:23,231.7058217592593,65.89,26.188680445343405
342,2025-06-24 20:22:28,232.20657407407407,65.97333333333334,27.091503395743345
343,2025-06-25 08:22:29,232.7065856481481,65.92,26.8243617930304
344,2025-06-25 20:22:01,233.2062615740741,65.96,26.96276835994827
345,2025-06-26 20:22:01,234.2062615740741,65.97,27.266143244294792
346,2025-06-27 08:22:05,234.70630787037035,66.02666666666666,27.82274058921767
347,2025-07-01 19:41:15.902385,239.1779618331597,,
348,2025-07-01 20:06:11.535551,239.19527240221063,66.03,27.61701807413537
349,2025-07-01 20:08:19.356009,239.1967518056597,66.0,27.67361618371289
350,2025-07-01 20:09:47.506792,239.19777206935183,65.96,27.70976984131391
351,2025-07-01 20:34:39.128022,239.2150362039584,65.95,28.13906153338855
352,2025-07-01 20:35:41.215734,239.2157548117361,65.89,28.12586370769712
353,2025-07-01 20:38:10.957375,239.21748793258104,65.93,28.13908905378484
354,2025-07-01 20:41:25.924330,239.2197444945602,65.89,28.204732342282064
355,2025-07-01 20:42:08.115117,239.22023281385407,65.88,28.231879581687345
356,2025-07-01 20:42:57.684456,239.2208065330556,65.96,28.195538321309687
357,2025-07-01 20:45:10.867001,239.2223479976968,65.91,28.18619868719443
358,2025-07-02 09:39:40.607399,239.76019221526624,66.0,27.09263014696919
359,2025-07-02 10:32:03.844802,239.7965722778009,66.16,27.47820808262359
360,2025-07-02 11:16:08.615185,239.82718304612268,66.04,27.31893099544279
361,2025-07-02 18:09:01.530249,240.11390660010417,66.14,27.36061162429565
362,2025-07-03 18:09:05.416921,241.1139515847338,66.16,27.917882591641497
363,2025-07-04 18:06:30.816233,242.112162224919,66.26,28.429292193308136
364,2025-07-05 18:07:01.210287,243.11251400795143,66.19,26.909722278714025
365,2025-07-06 18:10:08.445790,244.1146810855324,66.18,27.914877050372866
366,2025-07-07 18:09:44.000930,245.11439815891205,66.21,26.698794115293268
367,2025-07-08 18:07:45.978228,246.11303215541665,66.08,26.73518128855764
368,2025-07-09 18:08:49.554959,247.11376799721063,66.25,27.891692209788992
369,2025-07-10 18:06:46.858939,248.11234790438647,66.27,27.46719225424581
370,2025-07-11 18:08:53.080911,249.11380880684024,66.3,27.15641221546256
371,2025-07-12 18:11:04.026380,250.1153243793981,66.26,26.98485184342344
372,2025-07-15 14:04:19.131605,252.94397143061343,66.34,26.767737564620056
373,2025-07-16 14:05:18.010553,253.9446528999189,66.29,27.1713220983392
374,2025-07-17 15:45:58.473454,255.01456566497689,66.38,27.17671829911588
375,2025-07-18 15:46:22.892896,256.0148482974074,66.29,26.578990056202304
376,2025-07-19 15:46:48.154257,257.01514067427087,66.47,26.817327762927
377,2025-07-20 15:46:14.173835,258.0147473823495,66.47,27.239326994060704
378,2025-07-21 15:46:39.055974,259.0150353700694,66.44,26.95008814769105
379,2025-07-23 10:08:16.650431,260.78005382443285,62.99,34.44931384572493
380,2025-07-24 10:08:20.468067,261.78009801003475,64.36,33.92068823052893
381,2025-07-25 10:08:25.625361,262.7801577009375,64.35,31.7469312969637
382,2025-07-26 10:08:29.923593,263.78020744899305,64.36,34.373405262876354
383,2025-07-27 10:07:34.706832,264.7795683661111,64.37,33.510662671941354
384,2025-07-28 10:07:38.241711,265.7796092790625,64.32,33.975494997937794
385,2025-07-29 10:07:42.692619,266.7796607942014,64.25,33.374174839867166
386,2025-07-30 10:07:46.173725,267.7797010847801,64.47,33.7587669010011
387,2025-07-31 10:07:50.380019,268.77974976873844,64.36,35.02241406686343
388,2025-08-01 10:08:26.634140,269.78016937662034,64.54,34.27988107756177
389,2025-08-02 10:07:32.228740,270.7795396844907,64.48,33.501000813961745
390,2025-08-03 10:07:36.486260,271.7795889613426,64.35,32.78428373997512
391,2025-08-04 10:07:41.975966,272.77965249960647,64.4,33.05558022856681
392,2025-08-05 10:07:45.668417,273.7796952363079,64.43,33.20250080215275
393,2025-08-06 10:07:51.017482,274.77975714678246,64.77,34.53988411796519
394,2025-08-07 10:03:30.705892,275.7767442811574,64.71,33.092699696401255
395,2025-08-08 10:03:26.150149,276.7766915526505,64.7,33.937765090637434
396,2025-08-09 10:03:20.174771,277.7766223931829,64.82,34.584941612885274
397,2025-08-10 10:04:15.928414,278.77726768997684,64.48,34.368148516963046
398,2025-08-11 10:04:10.558854,279.7772055422917,64.8,34.38479053424481
399,2025-08-12 10:04:05.691145,280.7771492030671,64.51,33.46641975379551
400,2025-08-13 10:28:58.662231,281.79442896100693,64.89,34.36462157797539
401,2025-08-14 10:28:39.490598,282.79420706710647,64.82,34.99427020509236
402,2025-08-15 10:28:22.432265,283.7940096326967,64.74,33.294966395238355
403,2025-08-16 10:29:04.251758,284.79449365460647,64.9,33.00632893146465
404,2025-08-17 10:28:46.580882,285.7942891305787,64.74,32.9900428399246
405,2025-08-18 10:28:27.752201,286.7940712060301,64.91,33.31239359340246
406,2025-08-19 10:29:09.664762,287.7945563051158,64.8,32.52940522863938
407,2025-08-20 10:28:50.618556,288.7943358629167,64.82,33.439065080264946
408,2025-08-21 10:28:33.331904,289.794135785926,64.89,32.43611123234033
409,2025-08-22 10:28:14.962520,290.79392317731475,64.93,32.693421763570925
410,2025-08-23 10:28:56.984698,291.7944095451158,64.85,32.05060145046418
411,2025-08-24 10:28:36.808872,292.7941760286111,64.96,35.65158644639571
412,2025-08-25 10:28:18.670754,293.7939660966898,64.99,32.908457742699554
413,2025-08-26 10:28:59.260550,294.79443588599537,65.13,32.73587941049351
414,2025-08-27 10:28:41.072006,295.7942253704398,64.97,33.852561929193534
415,2025-08-28 10:28:22.330646,296.7940084565509,65.04,31.93278954414924
416,2025-08-29 10:29:04.319416,297.7944944376852,64.84,32.19598250320102
417,2025-08-30 10:28:45.588549,298.794277645243,65.03,31.742712487884468
418,2025-08-31 10:28:27.899709,299.79407291329863,65.08,31.925127422910727
419,2025-09-01 10:29:08.713703,300.7945452974884,65.14,31.69488659159048
420,2025-09-02 10:28:51.301994,301.79434377307865,65.21,31.667784121550973
421,2025-09-03 16:28:44.899678,303.0442696721991,65.26,35.1304358992561
422,2025-09-04 16:34:31.805346,304.04828478409723,65.17,31.99688537165608
423,2025-09-05 16:37:21.966652,305.0502542436573,65.28,31.767360155353813
424,2025-09-06 16:25:15.678133,306.0418481265393,65.37,31.600878044620032
425,2025-09-07 16:25:08.636024,307.04176662064816,65.29,32.081234751816176
426,2025-09-08 16:25:03.325585,308.04170515723376,65.2,31.87023100764816
427,2025-09-09 16:24:56.578653,309.04162706774304,65.4,32.52163585353506
428,2025-09-10 16:24:50.153187,310.0415526989236,65.4,32.32556311117126
429,2025-09-11 16:20:48.257235,311.038752977257,65.22,31.81992910906437
430,2025-09-12 16:20:26.203388,312.0384977243982,65.23,30.3848657850146
431,2025-09-16 11:20:40.807954,315.8303334253935,65.6,31.764437459604377
432,2025-09-17 11:26:58.128265,316.8347005586227,65.65,31.318559952145225
433,2025-09-18 11:24:26.383543,317.8329442539699,65.62,31.54665274858987
434,2025-09-19 11:17:00.252536,318.8277807006481,65.7,31.63116210945424
435,2025-09-20 11:17:09.905118,319.82789242034715,65.5,31.13115051551136
436,2025-09-21 11:16:49.212769,320.8276529255672,65.85,31.88909095835828
437,2025-09-22 11:16:24.928826,321.827371861412,65.92,31.24122881676821
438,2025-09-23 11:16:02.449003,322.82711167827546,65.6,31.04394161544661
439,2025-09-24 11:16:40.688329,323.8275542630671,65.7,31.81155838996215
440,2025-09-25 11:16:20.081571,324.82731575892365,65.6,31.432279957250945
441,2025-09-26 11:17:29.170394,325.8281153980787,65.6,32.544690085092284
442,2025-09-29 12:42:49.971355,328.88738392771995,65.72,31.8661688931579
443,2025-10-02 10:18:02.523518,331.78683476293986,65.9,32.71402965195422
444,2025-10-03 10:12:33.288460,332.7830241719908,65.85,31.03152471272305
445,2025-10-04 10:12:02.554473,333.7826684545486,65.95,31.327086882889656
446,2025-10-05 10:12:29.817323,334.7829839967939,65.84,33.35088141470136
447,2025-10-06 10:12:59.167351,335.7833236961921,65.99,31.69884514537356
448,2025-10-07 10:12:26.827758,336.78294939534715,65.74,32.356140065157525
449,2025-10-08 10:12:56.134053,337.7832885885764,66.1,31.378709212199343
450,2025-10-09 10:12:24.219759,338.7829192101736,65.66,31.063396114941472
451,2025-10-10 10:12:53.619362,339.7832594833565,65.82,30.57400101039041
452,2025-10-11 10:12:21.662983,340.7828896178588,65.92,31.132138269501805
453,2025-10-12 10:12:50.894159,341.78322794165507,65.84,30.85709776061353
454,2025-10-13 10:12:18.438854,342.7828523015509,65.87,31.05933438044305
455,2025-10-14 10:12:47.307424,343.7831864285185,65.32,28.769004458383968
456,2025-10-15 10:12:14.668888,344.7828086676852,65.95,30.08184359870235
457,2025-10-16 16:13:50.260221,346.03391504885417,65.67,29.29717942410587
458,2025-10-17 16:11:19.041630,347.0321648336805,65.82,30.65312457915104
459,2025-10-18 16:11:49.149165,348.0325133005208,65.62,32.18664009072415
460,2025-10-19 16:11:18.347754,349.0321568027084,65.67,30.65742905904188
461,2025-10-20 16:11:48.822033,350.0325095142708,65.69,30.16008592574585
462,2025-10-21 16:11:17.492009,351.0321468982523,65.91,30.91160481200892
463,2025-10-22 16:11:47.443936,352.03249356407406,65.85,30.870994203281256
464,2025-10-23 16:11:16.532105,353.0321357882523,65.78,30.543918827237928
465,2025-10-24 16:11:47.105072,354.03248964203704,65.66,30.042769730842764
466,2025-10-25 16:11:16.265372,355.0321327010648,65.88,29.302099209098515
467,2025-10-26 16:11:45.974315,356.03247655457176,65.92,30.24193659330244
468,2025-10-27 16:11:14.059853,357.03210717422456,65.81,30.911832763277108
469,2025-10-28 16:11:44.230225,358.0324563683449,65.89,30.38284972720124
470,2025-10-29 16:11:12.883903,359.0320935636921,65.92,29.33964601935225
471,2025-10-30 16:11:42.706986,360.0324387382639,66.01,31.076206872043983
472,2025-10-31 16:11:11.748880,361.0320804268519,65.87,30.15134028692541
473,2025-11-01 16:11:41.823800,362.03242851620377,65.99,29.805247936404
474,2025-11-02 16:11:10.644819,363.032067648368,65.96,29.882138365631512
475,2025-11-03 23:50:27.672297,364.3510147256598,19.9,122.69822501357976
476,2025-11-04 23:59:49.915533,365.3575221705208,64.4,36.24220311735978
477,2025-11-09 15:07:23.317473,369.9877698781598,64.89,35.616306002940206
478,2025-11-11 11:57:15.489182,371.8557348284954,64.86,39.27725776788482
479,2025-11-12 12:02:51.564999,372.8596245948958,64.78,37.1079840644214
480,2025-11-13 12:02:56.897750,373.85968631655095,64.9,38.64119526371093
481,2025-11-14 12:05:14.551556,374.8612795318981,64.56,33.347855710031894
482,2025-11-15 17:46:30.245626,376.0982667317824,64.54,34.558251950962024
483,2025-11-16 17:54:35.288130,377.1038806496528,64.63,36.364235156961854
484,2025-11-17 17:46:40.007938,378.0983797215046,65.11,39.31979710977095
485,2025-11-18 23:36:27.858688,379.3412946607407,64.93,40.70027155370662
486,2025-11-19 23:35:59.132152,380.3409621776852,64.33,35.99698904135765
487,2025-11-21 19:07:17.612307,382.1543705128125,65.02,36.766059470565445
488,2025-11-22 19:08:16.382063,383.1550507183218,65.02,37.43206367062289
489,2025-11-23 19:07:41.045922,384.1546417352083,64.28,29.28249064241875
490,2025-11-24 19:07:35.361281,385.1545759407524,64.93,37.625657411591376
491,2025-11-26 23:47:04.045905,387.34865793871535,64.8,36.608473139587936
492,2025-11-27 23:35:54.953066,388.34091380863424,64.26,28.7977089268743
493,2025-11-28 23:35:50.227980,389.3408591201389,64.74,35.046306588764935
494,2025-11-29 23:35:48.020189,390.34083356700233,64.78,36.08488687145332
495,2025-11-30 23:35:43.840093,391.3407851862616,64.58,36.5262467114859
496,2025-12-01 23:35:41.044051,392.3407528246644,64.81,35.113806416432105
497,2025-12-02 23:35:37.183739,393.3407081451273,64.77,36.52103620085852
498,2025-12-03 23:35:34.982409,394.3406826667708,64.85,35.67543468266729
499,2025-12-04 23:35:30.962216,395.3406361367592,64.91,36.606421028145775
500,2025-12-05 23:35:27.998029,396.3406018290394,65.02,34.51275384906244
501,2025-12-06 23:35:23.909105,397.3405545035301,64.91,36.749067029884415
502,2025-12-07 23:35:21.482061,398.34052641274303,65.1,35.68728144009372
503,2025-12-08 23:35:17.885251,399.34048478299775,65.13,37.43214417421138
504,2025-12-09 23:35:05.421407,400.340340525544,65.17,38.07145433057102
505,2025-12-10 23:35:50.820327,401.34086597600697,65.21,36.92813307250648
506,2025-12-11 23:27:42.630122,402.335215626412,65.17,35.09317013018935
507,2025-12-12 23:49:18.235573,403.3502110598727,65.25,37.34624198463872
508,2025-12-13 23:35:40.911276,404.3407512879167,65.26,36.800910842882885
509,2025-12-17 22:59:07.678698,408.3153666515972,65.26,39.84244805629882
510,2025-12-18 22:58:16.589795,409.3147753448495,65.4,36.51548131483538
511,2025-12-19 22:58:26.892198,410.3148945856249,65.34,38.12680074820865
512,2025-12-21 00:55:32.693005,411.3962117245949,65.3,35.09308711901405
513,2025-12-22 00:57:58.256497,412.3978964872338,65.4,36.7771566770541
514,2025-12-23 00:58:25.997073,413.3982175587153,65.4,37.98956856234017
515,2025-12-24 00:59:25.724011,414.39890884271983,65.47,40.51854019518747
516,2025-12-25 00:58:21.082182,415.3981606734027,65.41,36.17865556245292
517,2025-12-26 00:59:22.335220,416.3988696206019,65.47,37.33096449290801
518,2025-12-27 01:02:00.856526,417.40070435793984,65.4,38.159305030049225
519,2025-12-28 00:57:26.657143,418.3975307539698,65.34,36.21917234448576
520,2025-12-29 00:57:50.906922,419.39781142270834,65.37,42.052217124154936
521,2025-12-30 01:05:09.683515,420.4028898554977,65.33,98.44890803125116
522,2025-12-31 01:02:19.536093,421.4009205566319,65.47,35.89066676879785
523,2026-01-01 00:58:48.351920,422.3984762953704,65.51,41.32000701267491
524,2026-01-02 01:05:37.497378,423.4032117752084,65.5,36.1774596939156
525,2026-01-03 01:04:27.244324,424.4023986611574,65.55,36.67101292900302
526,2026-01-04 01:00:30.055257,425.3996534173264,65.47,37.69298954699765
527,2026-01-05 00:58:58.933403,426.3985987662384,65.56,40.28687547494973
528,2026-01-06 00:57:55.153666,427.3978605748379,65.65,36.75300377768262
529,2026-01-07 15:44:18.777389,429.0134117753356,65.58,36.026193903415574
530,2026-01-07 18:05:39.296554,429.1115659323379,65.43,35.7005855847486
531,2026-01-08 13:07:22.783124,429.90443036023146,65.56,36.80850804590568
532,2026-01-09 18:41:26.603941,431.1364190270949,65.5,38.21158132099648
