,Measurement Datetime,Temperature (C),Real Days,Impedance Magnitude at 1000 Hz (ohms),Impedance Phase at 1000 Hz (degrees)
0,2024-11-15 15:37:35,63.579325,0.0122106481481481,3275352.0,-21.73812
1,2024-11-18 09:34:54,62.892275000000005,2.7603472222222223,4561425.0,-19.6563
2,2024-11-21 09:57:01,63.0,5.775706018518519,1022028.0,-8.83802
3,2024-11-25 10:47:25,63.6,9.810706018518518,2029627.0,-27.89149
4,2024-12-02 10:26:44,63.8,16.79634259259259,5431804.0,0.04393667
5,2024-12-09 10:35:12,63.1,23.802222222222223,1466194.0,-50.00049
6,2024-12-17 17:46:33,66.9,32.10177083333333,3547000.0,-15.80002
7,2024-12-23 17:35:57,67.946925,38.09440972222222,256420.1,-86.19033
8,2024-12-24 05:49:28,68.1963375,38.603796296296295,387326.0,133.6213
9,2024-12-24 18:02:59,68.1855125,39.113182870370366,591936.3,27.90521
10,2024-12-25 06:16:30,68.7224375,39.62256944444445,332097.1,-77.42446
11,2024-12-25 18:30:00,68.2530625,40.13194444444444,588519.0,14.44774
12,2024-12-26 06:43:31,68.6558875,40.64133101851852,646935.1,-35.19226
13,2024-12-26 18:57:02,68.354175,41.15071759259259,815483.7,96.31067
14,2024-12-27 07:10:33,68.12763749999999,41.66010416666667,445545.2,-74.64166
15,2024-12-27 19:24:04,68.3643625,42.16949074074074,353596.5,-27.34756
16,2024-12-28 07:37:34,68.6099125,42.67886574074074,407910.9,-18.32726
17,2024-12-28 19:51:05,68.505175,43.18825231481481,533139.1,-77.5291
18,2024-12-29 08:04:36,68.684925,43.69763888888889,718183.2,-58.32847
19,2024-12-29 20:18:07,68.7091125,44.20702546296297,252147.7,-15.58834
20,2024-12-30 08:31:37,68.7423625,44.71640046296296,196747.1,13.30109
21,2024-12-30 11:10:09,67.67035,44.82649305555555,439404.9,-100.4875
22,2024-12-30 23:23:40,67.915625,45.33587962962963,465897.9,1.973419
23,2024-12-31 11:37:09,67.61602500000001,45.84524305555555,324989.7,-26.44674
24,2024-12-31 18:07:32,67.4938875,46.1163425925926,322010.8,-111.8893
25,2025-01-01 06:21:02,67.438875,46.62571759259259,522148.2,6.95113
26,2025-01-01 18:34:33,67.4873625,47.13510416666667,355231.4,-86.34739
27,2025-01-02 06:48:02,67.4899875,47.6444675925926,615985.4,10.00686
28,2025-01-02 19:01:33,67.705475,48.15385416666667,156491.6,-70.86532
29,2025-01-03 07:15:04,67.663175,48.66324074074074,213245.9,-100.574
30,2025-01-03 19:28:33,67.724075,49.17260416666667,116167.2,1.305647
31,2025-01-04 07:42:04,67.7314875,49.68199074074074,212829.8,-32.20966
32,2025-01-04 19:55:35,67.6263,50.191377314814815,193126.6,-31.71196
33,2025-01-05 08:09:06,67.7925625,50.70076388888889,310525.1,-49.88674
34,2025-01-05 20:22:37,67.7209875,51.21015046296296,257466.5,-35.48172
35,2025-01-06 09:23:09,67.7057625,51.7521875,569171.6,107.2533
36,2025-01-06 21:36:20,67.6006875,52.26134259259259,143601.5,-35.38191
37,2025-01-07 09:49:33,67.5914125,52.770520833333336,107757.0,0.1152839
38,2025-01-07 22:02:45,67.56388749999999,53.2796875,206359.7,-66.22769
39,2025-01-08 10:15:57,67.7736375,53.78885416666666,94990.04,-106.7451
40,2025-01-08 22:29:08,67.8193375,54.29800925925926,101235.3,-50.13565
41,2025-01-09 10:42:21,67.510175,54.807187500000005,141246.5,-163.7969
42,2025-01-09 22:55:33,67.81603750000001,55.31635416666666,535767.0,-55.22994
43,2025-01-10 10:54:12,67.5587625,55.81541666666666,361267.8,-135.1879
44,2025-01-10 11:19:49,67.5709875,55.83320601851852,619842.0,-134.7797
45,2025-01-10 23:33:01,67.0,56.34237268518518,5210309.0,88.13358
46,2025-01-11 11:46:14,67.0,56.85155092592593,336509.1,-61.45342
47,2025-01-11 23:59:26,67.0,57.3607175925926,535246.4,-19.7663
48,2025-01-12 12:12:37,67.0,57.86987268518519,2050848.0,29.97933
49,2025-01-13 00:25:49,67.0,58.37903935185185,276146.4,-78.50922
50,2025-01-13 12:39:02,67.0,58.8882175925926,1432746.0,69.3452
51,2025-01-14 00:52:14,67.0,59.39738425925926,868386.3,79.66906
52,2025-01-15 10:17:09,66.8795625,60.78968749999999,683498.8,-83.45248
53,2025-01-17 10:33:12,67.7617625,62.80083333333334,320469.0,-78.24521
54,2025-01-17 16:10:14,67.59932500000001,63.03488425925926,723943.7,-32.3121
55,2025-01-18 04:15:41,67.737325,63.538668981481486,633264.2,-79.88233
56,2025-01-18 16:21:08,67.68101250000001,64.0424537037037,666055.1,-101.9305
57,2025-01-19 04:26:35,67.8606125,64.54623842592592,652053.5,-75.7241
58,2025-01-19 16:32:01,67.7838375,65.05001157407408,554232.2,-11.76767
59,2025-01-20 04:37:29,67.882025,65.55380787037038,1626562.0,-78.02084
60,2025-01-20 16:42:56,67.9537625,66.0575925925926,597296.7,-84.07493
61,2025-01-21 04:48:23,67.9004,66.5613773148148,1266838.0,-57.07644
62,2025-01-21 12:31:10,67.9044875,66.88275462962963,520913.8,-47.17568
63,2025-01-21 19:21:11,68.0815625,67.16748842592592,1033008.0,-77.3957
64,2025-01-22 07:34:24,68.1172125,67.67666666666666,526522.7,-60.40868
65,2025-01-22 16:10:34,68.0066625,68.03511574074074,808107.9,-34.58565
66,2025-01-23 04:23:46,68.0637375,68.54428240740741,510848.3,-71.55096
67,2025-01-23 16:36:57,67.9766,69.0534375,3105582.0,-5.241951
68,2025-01-24 04:50:08,68.178675,69.5625925925926,1003079.0,-127.4617
69,2025-01-24 17:13:11,67.8662125,70.07859953703704,2003038.0,-10.87604
70,2025-01-25 05:26:23,67.994,70.58776620370371,1150394.0,-45.44811
71,2025-01-25 17:39:35,67.938875,71.09693287037037,524194.9,-60.17744
72,2025-01-26 05:52:48,67.9802375,71.6061111111111,513865.8,-143.4322
73,2025-01-26 18:05:59,67.8334375,72.11526620370371,581897.2,-77.6178
74,2025-01-27 06:19:11,67.7683625,72.62443287037037,519324.8,-70.97715
75,2025-01-27 18:32:23,67.902275,73.13359953703703,749807.4,-58.96547
76,2025-01-28 06:45:35,67.96566250000001,73.6427662037037,576000.4,-50.46263
77,2025-01-28 18:58:47,68.0319375,74.15193287037037,3025333.0,-116.8907
78,2025-01-29 07:11:59,67.9744,74.66109953703703,392277.2,-55.01751
79,2025-01-29 19:25:10,68.096575,75.17025462962964,711044.6,-84.02419
80,2025-01-30 07:38:23,67.94835,75.67943287037038,606735.8,-75.36029
81,2025-01-30 19:51:35,68.043925,76.18859953703704,1256593.0,152.9897
82,2025-01-31 08:04:46,67.9724625,76.69775462962963,816392.4,-65.74203
83,2025-01-31 12:36:30,67.9495125,76.88645833333334,1963305.0,-50.67576
84,2025-02-01 00:49:42,68.001025,77.395625,1057652.0,-140.3919
85,2025-02-01 13:02:55,68.03982500000001,77.90480324074075,656036.1,-76.22482
86,2025-02-02 01:16:07,68.0355875,78.4139699074074,485292.2,-66.04557
87,2025-02-02 13:29:18,68.0372375,78.923125,1045787.0,-56.42029
88,2025-02-03 01:42:30,68.0164375,79.43229166666667,789690.8,-87.79244
89,2025-02-03 13:55:43,68.0146375,79.94146990740741,1292541.0,-178.4091
90,2025-02-04 02:08:55,68.012075,80.45063657407408,419198.9,-108.9426
91,2025-02-05 11:28:22,67.889275,81.83914351851853,66732.97,-13.85985
92,2025-02-05 23:41:34,67.822325,82.34831018518518,66206.11,-18.73629
93,2025-02-06 11:54:46,67.8102625,82.85747685185184,5043991.0,146.8893
94,2025-02-07 00:07:58,67.8679375,83.36664351851852,2109986.0,8.380147
95,2025-02-07 12:21:11,67.7717125,83.87582175925927,1404412.0,-42.03456
96,2025-02-10 11:06:32,67.8285375,86.82398148148148,801439.3,-74.86102
97,2025-02-10 23:19:44,67.751375,87.33314814814815,831840.5,1.748021
98,2025-02-11 11:32:57,67.8559125,87.84232638888888,921760.7,-45.80694
99,2025-02-11 23:46:09,67.875075,88.35149305555557,666917.2,-62.79736
100,2025-02-12 11:59:21,67.9265,88.86065972222222,472093.4,-26.29195
101,2025-02-13 10:03:10,68.0410875,89.77997685185186,2457939.0,32.28978
102,2025-02-14 17:24:06,67.8579,91.08618055555556,621120.4,-37.04345
103,2025-02-15 05:37:43,67.69445,91.59563657407408,477771.6,-82.17405
104,2025-02-15 17:51:20,67.737425,92.1050925925926,339451.0,-52.77406
105,2025-02-16 06:04:58,67.670575,92.6145601851852,467729.1,-98.53724
106,2025-02-16 18:18:36,67.63455,93.12402777777778,397451.0,-62.63561
107,2025-02-17 06:32:14,67.62285,93.63349537037035,1430654.0,-110.6959
108,2025-02-17 18:10:40,67.6913375,94.11851851851851,663674.4,-112.0621
109,2025-02-18 06:24:09,67.752425,94.62788194444444,627882.2,7.631359
110,2025-02-18 18:35:03,67.79525,95.13545138888888,1267021.0,-81.74084
111,2025-02-19 06:48:16,67.699675,95.64462962962962,449718.6,-65.90129
112,2025-02-20 17:12:02,67.82646249999999,97.07780092592591,220790.3,-110.0099
113,2025-02-21 05:25:15,67.9460125,97.58697916666668,218754.3,-44.66644
114,2025-02-21 16:05:24,67.819175,98.03152777777778,206717.2,-56.82478
115,2025-02-22 04:18:36,67.9396875,98.54069444444444,386067.1,-58.94197
116,2025-02-22 16:31:47,67.9905875,99.04984953703702,189735.3,-108.2153
117,2025-02-23 04:44:59,67.9854625,99.5590162037037,194190.6,-114.563
118,2025-02-23 16:58:11,67.9681625,100.06818287037036,290705.9,-69.94297
119,2025-02-24 05:11:22,67.985675,100.57733796296296,410575.3,66.25289
120,2025-02-24 17:24:33,67.9745,101.08649305555556,1585605.0,70.32362
121,2025-02-25 05:37:46,68.030425,101.5956712962963,406667.2,13.50472
122,2025-02-25 17:50:58,67.93775,102.10483796296296,248657.8,-36.1019
123,2025-02-26 06:04:09,67.978475,102.61399305555555,547570.2,-84.18105
124,2025-02-26 17:56:09,67.310625,103.1084375,175961.6,-113.2192
125,2025-02-27 06:09:23,67.00931250000001,103.6176273148148,220051.9,-69.55174
126,2025-02-27 18:22:35,67.0038125,104.1267939814815,325137.4,-47.53938
127,2025-02-28 06:35:48,67.0989375,104.63597222222222,472910.3,-27.87181
128,2025-02-28 18:49:00,67.0997,105.14513888888888,208022.1,-100.052
129,2025-03-01 07:02:14,67.0988,105.6543287037037,377879.6,-146.0663
130,2025-03-01 19:15:26,67.1385875,106.16349537037036,381902.8,-36.30112
131,2025-03-02 07:28:38,67.1381875,106.67266203703704,375293.2,-112.6968
132,2025-03-02 19:41:50,67.1777875,107.18182870370372,484381.8,-64.77365
133,2025-03-03 07:55:04,67.20615,107.69101851851852,1311246.0,-148.9542
134,2025-03-03 20:08:16,67.20003750000001,108.2001851851852,652896.5,-78.60916
135,2025-03-04 08:21:28,67.1567125,108.70935185185186,367572.0,-52.45228
136,2025-03-04 20:34:39,67.1951875,109.21850694444444,32517.89,-16.74127
137,2025-03-05 08:47:53,67.11846249999999,109.72769675925925,76687.29,-17.64377
138,2025-03-05 21:01:05,67.2499,110.23686342592592,106726.5,-6.225315
139,2025-03-06 09:14:17,67.3390625,110.7460300925926,87602.32,-4.378134
140,2025-03-07 14:35:26,67.262675,111.96905092592591,27312.1,-10.86256
141,2025-03-07 16:10:55,67.289575,112.0353587962963,28409.06,-14.34187
142,2025-03-08 04:24:07,67.3548,112.54452546296297,28819.62,-12.49697
143,2025-03-08 16:37:19,67.25913750000001,113.05369212962964,29248.38,-10.81776
144,2025-03-09 04:50:34,67.3302,113.56289351851854,30181.58,-11.3687
145,2025-03-09 17:03:46,67.2903375,114.07206018518518,29106.68,-9.682162
146,2025-03-10 05:16:58,67.4593875,114.58122685185184,27766.02,-8.579997
147,2025-03-10 17:30:10,67.3915875,115.09039351851852,28070.18,-14.14103
148,2025-03-11 05:43:23,67.442475,115.59957175925926,26731.83,-10.10264
149,2025-03-11 17:56:35,67.1949,116.10873842592594,911776.2,-132.9873
150,2025-03-12 13:14:34,67.1653875,116.91289351851852,1896289.0,-115.4337
151,2025-03-19 17:40:28,67.316075,124.0975462962963,461044.5,138.9982
152,2025-03-20 05:53:41,67.387925,124.60672453703704,126681.5,-32.83656
153,2025-03-20 17:59:30,66.7749375,125.11076388888888,371257.0,-88.31562
154,2025-03-21 06:12:43,67.0460625,125.61994212962964,196207.4,-40.54278
155,2025-03-21 18:25:55,67.00188750000001,126.1291087962963,28045.58,-9.299481
156,2025-03-22 06:39:09,67.0504875,126.63829861111113,29153.2,-12.80848
157,2025-03-22 18:52:21,66.983475,127.14746527777778,28790.6,-13.1418
158,2025-03-23 07:05:34,67.1764875,127.65664351851854,30249.29,-12.41372
159,2025-03-23 19:18:46,66.8839375,128.16581018518517,27853.78,-13.04878
160,2025-03-24 07:32:00,67.0721,128.67499999999998,30774.53,-12.54361
161,2025-03-24 19:45:13,67.42375,129.18417824074075,28687.31,-11.67179
162,2025-03-25 07:58:25,67.4412125,129.6933449074074,25102.79,-15.57167
163,2025-03-25 20:11:38,67.469575,130.20252314814817,29074.02,-12.75754
164,2025-03-26 08:24:52,67.4445125,130.71171296296296,28489.03,-13.23895
165,2025-03-26 20:38:04,67.4202375,131.22087962962965,27703.07,-10.51729
166,2025-03-27 08:51:17,67.41375,131.73005787037036,26782.78,-13.87002
167,2025-03-27 18:42:38,66.2084875,132.1407175925926,3578.542,-21.77186
168,2025-03-28 06:55:52,67.4012625,132.64990740740743,39558.69,-12.37782
169,2025-03-28 19:09:05,67.31455,133.15908564814816,161819.7,-19.7864
170,2025-03-29 07:22:18,67.4095875,133.66826388888887,832035.7,4.543836
171,2025-03-29 19:35:30,67.337825,134.17743055555556,3556036.0,-19.60451
172,2025-03-30 07:48:44,67.3157875,134.68662037037038,288503.7,-69.80806
173,2025-03-30 20:01:57,67.3533,135.19579861111112,664653.8,-45.92539
174,2025-03-31 17:31:59,66.99618749999999,136.0916550925926,489623.7,-64.4615
175,2025-04-01 05:45:10,67.37367499999999,136.60081018518517,405437.5,-72.45144
176,2025-04-01 17:58:21,67.42915,137.10996527777775,293490.2,-98.49291
177,2025-04-02 06:11:32,67.509975,137.61912037037038,425479.2,-80.4709
178,2025-04-02 14:58:07,67.309275,137.98480324074075,424485.6,-104.881
179,2025-04-03 03:11:18,67.485825,138.49395833333332,1175905.0,-31.95658
180,2025-04-03 15:24:29,67.5659125,139.00311342592593,279349.8,-95.38363
181,2025-04-04 03:37:40,67.434825,139.5122685185185,387886.1,-140.7164
182,2025-04-04 15:50:53,67.382825,140.02144675925925,551736.1,-173.6691
183,2025-04-05 04:04:04,67.424225,140.53060185185186,1033613.0,-69.75838
184,2025-04-05 16:17:15,67.432775,141.03975694444446,271012.2,-51.42633
185,2025-04-06 04:30:26,67.4651875,141.548912037037,464280.4,-90.79665
186,2025-04-06 16:43:38,67.4730125,142.0580787037037,195171.0,-126.8665
187,2025-04-07 04:56:49,67.452125,142.5672337962963,1744473.0,74.84157
188,2025-04-08 10:03:46,67.5740875,143.7803935185185,73378.6,-12.02845
189,2025-04-08 22:16:57,67.45015000000001,144.28954861111112,71776.14,-15.39495
190,2025-04-09 10:30:08,67.571125,144.7987037037037,75598.13,-21.04998
191,2025-04-10 17:18:18,67.6264875,146.08215277777776,71310.27,-11.67472
192,2025-04-11 05:31:53,67.47735,146.59158564814814,77954.32,-12.4207
193,2025-04-11 17:45:08,67.514225,147.10078703703704,86640.57,-10.5403
194,2025-04-12 05:58:24,67.45972499999999,147.61,83579.53,-13.0975
195,2025-04-12 18:11:39,67.5717375,148.11920138888888,84091.28,-16.79944
196,2025-04-13 06:24:53,67.47143750000001,148.6283912037037,81694.86,-15.3128
197,2025-04-13 18:38:07,67.566375,149.13758101851852,77351.87,-19.6042
198,2025-04-14 06:51:21,67.523175,149.6467708333333,74780.82,-9.990638
199,2025-04-14 19:04:36,67.5726,150.15597222222223,89133.64,-21.84981
200,2025-04-15 07:17:52,67.62295,150.66518518518518,80683.19,-14.78001
201,2025-04-15 19:31:07,67.57195,151.17438657407408,86091.12,-19.29582
202,2025-04-16 07:44:23,67.4833,151.68359953703705,75426.32,-17.55552
203,2025-04-16 19:57:38,67.551,152.19280092592592,80703.03,-17.87798
204,2025-04-17 08:10:53,67.4559625,152.70200231481482,84717.76,-21.45526
205,2025-04-17 20:24:08,67.521375,153.21120370370372,93650.13,-17.76216
206,2025-04-18 08:37:22,67.4835375,153.7203935185185,92853.12,-14.61226
207,2025-04-21 09:54:18,67.53049999999999,156.77381944444443,87320.48,-16.37341
208,2025-04-21 22:07:56,67.5757375,157.283287037037,93041.69,-15.74935
209,2025-04-22 17:50:11,67.6408,158.10429398148148,88984.96,-23.56686
210,2025-04-23 06:03:24,67.6448875,158.6134722222222,92135.12,-13.39066
211,2025-04-23 18:16:35,67.6617,159.12262731481482,105697.7,-14.28676
212,2025-04-24 06:29:47,67.6401875,159.63179398148148,101836.3,-18.59985
213,2025-04-24 18:05:24,67.4339125,160.1148611111111,83589.42,-16.91655
214,2025-04-25 11:56:31,67.4798,160.85869212962965,82345.3,-11.37506
215,2025-04-25 15:36:14,67.4031375,161.01127314814815,91938.74,-11.00054
216,2025-04-26 03:54:26,67.46455,161.52391203703704,91384.17,-19.22716
217,2025-04-26 16:12:38,67.6480375,162.03655092592592,87162.28,-22.8385
218,2025-04-27 04:30:50,67.663225,162.5491898148148,93435.51,-12.85011
219,2025-04-27 16:49:02,67.6006,163.0618287037037,100949.2,-9.938821
220,2025-04-28 05:07:17,67.5712375,163.5745023148148,98232.35,-25.10387
221,2025-04-28 17:25:15,67.692175,164.08697916666668,89996.19,-15.28729
222,2025-04-29 05:43:13,67.8621,164.5994560185185,92764.96,-13.74071
223,2025-04-29 18:01:28,67.6956375,165.11212962962964,100455.6,-22.32359
224,2025-04-30 06:19:45,67.88663749999999,165.6248263888889,85878.02,-22.73466
225,2025-04-30 18:38:00,67.7005375,166.13750000000002,101342.5,-0.6604141
226,2025-05-01 06:56:16,67.7571625,166.65018518518517,119486.9,-9.087573
227,2025-05-01 19:14:31,67.76115,167.1628587962963,99523.95,-26.15594
228,2025-05-02 07:32:47,67.813125,167.67554398148147,105566.4,-18.72803
229,2025-05-02 19:50:51,67.77215,168.18809027777775,85305.75,-20.98119
230,2025-05-03 08:09:07,67.772875,168.70077546296298,83838.98,-11.52141
231,2025-05-03 20:27:24,67.6938375,169.21347222222224,106179.7,-14.90179
232,2025-05-04 08:45:39,67.781775,169.72614583333333,120086.2,-12.2148
233,2025-05-04 21:03:55,67.8109625,170.2388310185185,133587.2,-22.51264
234,2025-05-05 16:31:11,67.69398749999999,171.04943287037034,94792.22,-24.76682
235,2025-05-05 17:35:04,67.66425,171.09379629629632,89510.08,-39.93756
236,2025-05-06 05:52:47,67.8334,171.60609953703704,102735.7,-16.42882
237,2025-05-06 18:10:36,67.83745,172.1184722222222,92677.77,-16.8951
238,2025-05-07 06:28:25,67.7715,172.6308449074074,89470.81,-21.14904
239,2025-05-07 18:46:13,67.9008375,173.14320601851853,131497.4,-7.00688
240,2025-05-08 07:04:01,67.7595875,173.65556712962962,112999.3,-17.61084
241,2025-05-08 19:21:49,67.7708375,174.16792824074074,106547.1,-11.83308
242,2025-05-09 07:39:37,67.76785,174.68028935185183,90310.46,-14.73804
243,2025-05-09 19:57:25,67.6835375,175.19265046296297,105350.0,-14.5282
244,2025-05-10 08:15:14,67.7915625,175.70502314814814,120992.1,-7.764488
245,2025-05-10 20:33:02,67.84813749999999,176.21738425925926,131212.0,-13.87992
246,2025-05-11 08:50:50,67.7863875,176.72974537037035,144211.8,-29.50111
247,2025-05-11 21:08:38,67.778325,177.2421064814815,81473.71,-15.55214
248,2025-05-12 09:26:26,67.7307625,177.7544675925926,84487.79,-11.90761
249,2025-05-12 21:44:15,67.8738,178.26684027777776,87380.12,-27.43732
250,2025-05-13 10:02:02,67.8264875,178.7791898148148,115942.6,-26.7431
251,2025-05-13 22:19:50,67.777575,179.29155092592592,102583.2,-21.57296
252,2025-05-14 09:52:34,67.74833749999999,179.77261574074075,114634.8,-19.58857
253,2025-05-14 22:10:15,67.8180875,180.2848958333333,89890.43,-17.33436
254,2025-05-15 10:27:55,67.8349375,180.79716435185185,103478.1,-20.64917
255,2025-05-15 22:45:35,67.85835,181.3094328703704,96672.08,-16.44789
256,2025-05-19 09:52:54,67.7579375,184.77284722222225,76833.19,-18.98589
257,2025-05-19 22:10:42,67.8058625,185.2852083333333,122200.3,-0.376989
258,2025-05-20 10:28:30,67.7323125,185.79756944444443,100259.4,-13.19964
259,2025-05-20 11:59:44,67.7226875,185.86092592592595,112510.4,-9.244886
260,2025-05-21 00:17:25,67.878025,186.3732060185185,119612.7,-20.27173
261,2025-05-21 12:35:10,67.784975,186.8855324074074,98061.82,-16.64601
262,2025-05-22 00:52:56,67.8299375,187.3978703703704,85227.74,-16.76193
263,2025-05-22 13:10:39,67.761075,187.9101736111111,84987.51,-14.93746
264,2025-05-23 01:28:25,67.8543125,188.4225115740741,116802.0,-18.2485
265,2025-05-23 13:46:11,67.815825,188.93484953703705,105650.5,-18.34748
266,2025-05-24 02:03:56,67.89427500000001,189.447175925926,86059.45,-25.12688
267,2025-05-24 14:21:41,67.8498125,189.9595023148148,125682.2,-25.79449
268,2025-05-25 02:39:26,67.959025,190.4718287037037,143591.6,-20.00916
269,2025-05-25 14:57:12,67.8687625,190.98416666666665,115608.6,-24.25762
270,2025-05-26 03:14:57,67.8892,191.4964930555556,102868.2,-24.15454
271,2025-05-26 15:32:43,67.82335,192.0088310185185,104743.6,-26.92103
272,2025-05-27 03:50:29,67.93345000000001,192.5211689814815,115041.3,-18.74692
273,2025-05-27 16:08:11,67.7346625,193.0334606481481,90488.36,-20.49176
274,2025-05-27 17:00:23,67.7517625,193.06971064814817,113800.3,-8.825674
275,2025-05-28 05:18:11,67.834575,193.5820717592593,98017.47,-18.28851
276,2025-05-28 16:59:24,67.77425,194.0690277777778,91742.33,-5.905386
277,2025-05-29 05:17:06,67.89518749999999,194.5813194444444,95805.82,-23.39893
278,2025-05-29 17:34:49,67.81231249999999,195.0936226851852,97950.64,-18.39607
279,2025-05-30 05:52:31,67.8864375,195.60591435185185,90725.41,-10.89596
280,2025-05-30 10:53:13,67.7864,195.8147337962963,121458.3,-18.23161
281,2025-05-30 23:11:01,67.78515,196.3270949074074,96108.06,-30.86331
282,2025-05-31 11:28:49,67.9064,196.8394560185185,96548.72,-25.98106
283,2025-05-31 23:46:37,67.81003749999999,197.3518171296296,109088.3,-19.86558
284,2025-06-01 12:04:24,67.9142375,197.8641666666667,116003.4,-13.41147
285,2025-06-02 00:22:11,67.9353,198.3765162037037,94079.66,-20.7695
286,2025-06-02 12:39:59,67.96125,198.88887731481483,100256.1,-39.34065
287,2025-06-02 19:02:44,67.7999875,199.154675925926,81650.99,-30.54465
288,2025-06-03 07:20:27,67.9317125,199.6669791666667,139806.8,-29.15839
289,2025-06-03 14:06:29,67.8527125,199.9489467592593,91468.47,-14.41532
290,2025-06-03 16:20:38,67.643325,200.04210648148148,123950.5,-6.248374
291,2025-06-03 20:20:27,67.7950375,200.2086458333333,105300.8,-14.35949
292,2025-06-04 20:19:24,67.74305,201.2079166666667,74895.87,-6.648292
293,2025-06-06 15:03:01,67.7756875,202.98820601851853,92005.78,-19.7063
294,2025-06-06 16:17:14,67.6937875,203.0397453703704,106990.2,-9.691858
295,2025-06-06 16:49:08,67.7388125,203.06189814814817,118854.5,-10.25882
296,2025-06-06 20:19:32,67.8567625,203.20800925925928,102161.3,-17.00958
297,2025-06-07 08:20:11,67.9071625,203.70846064814816,98155.77,-17.31948
298,2025-06-07 20:19:29,67.9214375,204.20797453703705,119583.7,-6.433127
299,2025-06-08 08:20:07,67.90955,204.70841435185184,90391.68,-13.2908
300,2025-06-08 20:19:26,67.911125,205.20793981481484,90161.74,-11.13799
301,2025-06-09 08:20:06,67.88815,205.70840277777776,100561.0,-13.12254
302,2025-06-09 15:28:08,67.7858,206.0056481481481,104892.7,-10.29803
303,2025-06-09 20:19:46,67.83205000000001,206.20817129629629,119021.3,-23.48675
304,2025-06-10 08:19:50,67.8752875,206.7082175925926,124600.2,-7.900261
305,2025-06-11 20:19:19,67.24346249999999,208.20785879629628,105933.5,-26.29805
306,2025-06-12 08:19:41,67.15095,208.708113425926,103924.5,-7.334493
307,2025-06-12 20:19:54,67.2059125,209.2082638888889,113210.5,-21.81751
308,2025-06-13 08:20:13,67.21155,209.7084837962963,118926.4,-13.43444
309,2025-06-13 20:20:25,67.279675,210.2086226851852,107589.2,-20.33656
310,2025-06-14 08:20:15,67.364425,210.70850694444445,88736.09,-18.40263
311,2025-06-14 20:19:59,67.2513625,211.20832175925923,109810.3,-26.95628
312,2025-06-15 08:19:49,67.3385,211.7082060185185,99008.9,-12.52665
313,2025-06-15 20:20:39,67.265875,212.20878472222225,87265.61,-18.72073
314,2025-06-16 08:20:29,67.2941,212.7086689814815,87734.64,-20.94314
315,2025-06-16 20:20:24,67.2689625,213.2086111111112,100231.9,-14.73412
316,2025-06-17 08:20:18,67.3446875,213.70854166666663,91750.48,-24.54173
317,2025-06-17 20:19:39,67.307825,214.2080902777778,98449.84,-20.92386
318,2025-06-18 08:19:44,67.37855,214.70814814814813,115870.7,-13.28631
319,2025-06-18 20:20:27,67.2289625,215.2086458333333,101567.8,-23.23828
320,2025-06-19 08:20:30,67.2486375,215.7086805555556,96868.98,-8.802435
321,2025-06-19 20:20:27,67.1711,216.2086458333333,94795.71,-16.85847
322,2025-06-20 08:20:44,67.3563875,216.70884259259265,81383.77,-15.26431
323,2025-06-20 20:20:43,67.19596250000001,217.2088310185185,125056.6,-9.293159
324,2025-06-21 08:20:42,67.160425,217.7088194444445,112904.9,-13.25178
325,2025-06-21 20:20:41,67.20195,218.2088078703704,99443.04,-19.13972
326,2025-06-22 08:20:41,67.2001625,218.7088078703704,127430.2,-15.57906
327,2025-06-22 20:20:42,67.2203375,219.2088194444445,97712.82,-16.51841
328,2025-06-23 08:20:09,67.1933125,219.70843750000003,107885.0,-2.179699
329,2025-06-23 20:19:42,67.19485,220.208125,98003.54,-18.56232
330,2025-06-24 08:19:16,67.2507875,220.70782407407407,96640.44,-11.94635
331,2025-06-24 20:20:20,67.3339125,221.2085648148148,104462.3,-23.83873
332,2025-06-25 08:20:21,67.3474,221.70857638888887,77253.23,-16.44032
333,2025-06-25 20:19:54,67.3138625,222.2082638888889,106091.0,-10.26663
334,2025-06-26 20:19:54,67.31049999999999,223.2082638888889,114568.5,-18.04212
335,2025-06-27 08:19:58,67.26565,223.7083101851852,92069.03,-6.421418
336,2025-07-01 08:05:00.263934,67.303325,227.6979197214584,104382.6,-8.52498
337,2025-07-01 19:27:18.807031,67.2270125,228.17174545174765,104537.2,-9.350538
338,2025-07-01 19:42:56.342899,67.2644,228.18259656133105,104568.8,-10.95268
339,2025-07-01 19:51:28.549504,67.196325,228.1885248785185,105836.0,-6.797307
340,2025-07-01 21:15:27.619872,67.31575000000001,228.24684745222223,106091.7,-8.612212
341,2025-07-02 09:37:10.079387,67.25115,228.76192221512736,104018.6,-9.046272
342,2025-07-02 10:33:47.674257,67.3486125,228.8012462298264,106958.8,-9.217337
343,2025-07-02 11:13:38.533062,67.3372,228.8289182067361,106754.9,-9.501784
344,2025-07-02 18:06:31.527892,67.3600125,229.1156426839352,106153.9,-8.929873
345,2025-07-03 18:06:35.245254,67.4277,230.1156857089583,107256.1,-8.193484
346,2025-07-04 18:04:00.766496,67.39903749999999,231.1138977603704,107430.2,-8.930874
347,2025-07-05 18:04:31.130471,67.3890625,232.11424919526613,107439.5,-8.592567
348,2025-07-06 18:07:38.390047,67.375725,233.11641655146988,108905.1,-8.199207
349,2025-07-07 18:07:14.015368,67.3117125,234.1161344371296,105643.8,-8.028834
350,2025-07-08 18:05:15.890689,67.34333749999999,235.1147672533449,107370.6,-8.079559
351,2025-07-09 18:06:19.484274,67.284675,236.11550329020832,109386.9,-8.350049
352,2025-07-10 18:04:16.745669,67.28565,237.11408270450232,107436.4,-8.961361
353,2025-07-11 18:06:22.888895,67.4501875,238.115542695544,108493.3,-7.223989
354,2025-07-12 18:08:34.049489,67.270325,239.1170607579745,106479.3,-7.894924
355,2025-07-15 13:53:45.313974,67.4482375,241.940107800625,107138.7,-8.236522
356,2025-07-16 13:54:34.865716,67.4226875,242.9406813161574,105890.4,-9.328106
357,2025-07-17 15:47:42.236216,67.3223375,244.01923884509264,104741.7,-8.549032
358,2025-07-18 15:48:06.615774,67.31605,245.0195210159028,104548.3,-8.938173
359,2025-07-19 15:48:31.863767,67.485575,246.019813238044,102443.9,-10.20768
360,2025-07-20 15:47:57.971247,67.557225,247.0194209635069,102727.2,-8.646946
361,2025-07-21 15:48:22.755125,67.51365,248.0197078139468,100449.5,-8.844878
362,2025-07-23 10:01:42.879156,66.5158375,249.77896850875,1100941.0,-91.47438
363,2025-07-24 10:01:46.765045,66.9173,250.77901348431712,92984.37,-8.949871
364,2025-07-25 10:01:51.514410,67.07261249999999,251.77906845381943,90819.79,-8.156451
365,2025-07-26 10:01:56.149739,66.9843,252.77912210346068,91277.1,-7.76506
366,2025-07-27 10:01:00.889142,67.066075,253.7784825132176,886133.9,-55.97223
367,2025-07-28 10:01:04.387033,66.9843875,254.7785229980672,1019244.0,-78.03765
368,2025-07-29 10:01:09.115417,66.9756375,255.77857772473376,1125936.0,-76.97481
369,2025-07-30 10:01:12.185340,66.9915875,256.77861325625,1103407.0,-75.0095
370,2025-07-31 10:01:16.742907,67.0803875,257.77866600586805,87481.83,-7.306757
371,2025-08-01 10:01:52.356702,67.1092875,258.77907820256945,913916.2,-58.12838
372,2025-08-02 10:00:58.111238,67.040475,259.77845036155094,1027732.0,-84.13856
373,2025-08-03 10:01:02.493285,67.1062375,260.7785010796875,1330285.0,-65.23113
374,2025-08-04 10:01:08.085041,67.150325,261.77856579908564,1396706.0,-56.48837
375,2025-08-05 10:01:11.706436,67.0875625,262.77860771337964,1065040.0,-70.04665
376,2025-08-06 10:01:16.767948,67.0531125,263.77866629569445,1020290.0,-74.52171
377,2025-08-07 10:05:15.184947,67.0429875,264.78142575170136,1201978.0,-71.48798
378,2025-08-08 10:05:10.634333,67.0827375,265.7813730825579,93737.25,-8.359144
379,2025-08-09 10:05:04.758929,67.2787625,266.7813050801968,95105.19,-8.735642
380,2025-08-10 10:06:00.472567,67.0305625,267.78194991396987,97531.47,-9.339843
381,2025-08-11 10:05:54.983070,67.0307625,268.781886378125,98251.64,-8.545493
382,2025-08-12 10:05:50.176918,67.0724375,269.7818307513657,96834.93,-8.463767
383,2025-08-13 10:30:42.438443,67.0054,270.79910229679405,99110.17,-8.805322
384,2025-08-14 10:30:23.282089,67.10284999999999,271.7988805797338,99016.67,-8.644673
385,2025-08-15 10:30:06.141792,67.0529,272.7986821966667,100452.3,-8.54869
386,2025-08-16 10:30:48.067919,67.130475,273.79916745276626,101077.4,-9.189873
387,2025-08-17 10:30:30.457302,66.9860125,274.7989636261806,100623.3,-8.679764
388,2025-08-18 10:30:11.401516,67.0794875,275.79874307310183,102697.5,-8.812825
389,2025-08-19 10:30:53.584248,67.1750375,276.79923129916665,106916.8,-9.94026
390,2025-08-20 10:30:34.375712,67.05875,277.7990089781481,107068.6,-9.533186
391,2025-08-21 10:30:17.207839,67.13731250000001,278.7988102759144,107286.9,-9.394785
392,2025-08-22 10:29:58.751100,67.162325,279.79859665625,108129.8,-8.581407
393,2025-08-23 10:30:40.754148,67.10786250000001,280.79908280263885,109989.7,-9.142135
394,2025-08-24 10:30:20.553853,67.1492125,281.79884900292825,109583.8,-8.341316
395,2025-08-25 10:30:02.476850,67.127825,282.79863977835646,110106.0,-9.019512
396,2025-08-26 10:30:43.126248,67.19125,283.7991102575,112759.9,-9.208778
397,2025-08-27 10:30:24.817865,67.16875,284.798898354919,113007.1,-10.04227
398,2025-08-28 10:30:05.966479,67.109475,285.798680167581,113139.8,-10.52887
399,2025-08-29 10:30:48.105302,67.28275,286.7991678854398,115280.2,-10.00025
400,2025-08-30 10:30:29.343596,67.330175,287.7989507360648,114944.6,-9.867998
401,2025-08-31 10:30:11.595662,67.1365125,288.798745320162,116109.8,-10.69273
402,2025-09-01 10:30:52.559908,67.154225,289.7992194433796,113685.0,-10.04736
403,2025-09-02 10:30:35.127857,67.403325,290.79901768353005,117824.3,-9.858895
404,2025-09-03 16:26:13.583474,67.14675,292.04599054946755,115714.0,-10.26236
405,2025-09-04 16:32:01.579696,67.1484375,293.0500182835185,117037.9,-10.80817
406,2025-09-05 16:34:51.627510,67.1491125,294.051986429514,116550.4,-10.3706
407,2025-09-06 16:22:44.438547,67.11145,295.0435698905903,117684.5,-9.941544
408,2025-09-07 16:22:37.506384,67.1487,296.0434896572222,116875.6,-10.02964
409,2025-09-08 16:22:32.185975,67.17895,297.0434280784144,117250.9,-8.817972
410,2025-09-09 16:22:25.189147,67.2775125,298.04334709660884,118464.3,-9.986675
411,2025-09-10 16:22:19.043537,67.2345375,299.0432759668634,117477.8,-10.04821
412,2025-09-11 16:18:17.947392,67.0804875,300.0404855022223,117081.5,-11.59495
413,2025-09-12 16:17:55.783546,67.1071625,301.04022897622684,117152.7,-9.679975
414,2025-09-16 11:22:24.620498,67.2667,304.83500718168983,117299.1,-10.34502
415,2025-09-17 11:28:41.819262,67.3031125,305.83937290812503,115630.5,-9.728552
416,2025-09-18 11:26:10.109340,67.35125,306.83761700625,1130809.0,-78.67284
417,2025-09-19 11:18:44.362425,67.3698,307.8324578984375,1079532.0,-82.56006
418,2025-09-20 11:18:53.955097,67.2361625,308.8325689247338,1012911.0,-76.26042
419,2025-09-21 11:18:33.252658,67.4172875,309.8323293131713,1102163.0,-74.59427
420,2025-09-22 11:18:08.957253,67.44655,310.83204811635426,1240229.0,-86.1447
421,2025-09-23 11:17:46.458894,67.2885875,311.8317877186806,1258973.0,-63.30585
422,2025-09-24 11:18:24.798218,67.3571125,312.83223146085646,1016447.0,-75.71041
423,2025-09-25 11:18:04.001462,67.12305,313.8319907576621,1233798.0,-77.46744
424,2025-09-26 11:19:13.210285,67.3462625,314.832791785706,1205317.0,-72.9627
425,2025-09-29 12:40:20.046091,67.178725,317.88912090383104,117218.1,-9.935771
426,2025-10-02 10:23:46.758154,67.4155875,320.794291182338,114344.3,-9.106765
427,2025-10-03 10:14:17.097816,67.356625,321.7876978913889,116459.1,-9.371705
428,2025-10-04 10:13:46.290531,67.3730625,322.78734132559026,114234.1,-10.73905
429,2025-10-05 10:14:13.566234,67.4828125,323.7876570165972,112659.7,-9.636209
430,2025-10-06 10:14:42.956533,67.4249125,324.7879971820949,114134.4,-9.449381
431,2025-10-07 10:14:10.547071,67.3082875,325.787622072581,113521.8,-9.183481
432,2025-10-08 10:14:39.960168,67.4914,326.78796250194443,114564.3,-9.330089
433,2025-10-09 10:14:08.012867,67.3726375,327.7875927415162,115920.7,-10.16753
434,2025-10-10 10:14:37.368487,67.3884,328.78793250563655,114335.5,-10.2088
435,2025-10-11 10:14:05.579017,67.423775,329.78756457195595,113874.6,-10.26838
436,2025-10-12 10:14:34.661992,67.46395,330.7879011804629,114445.1,-10.42122
437,2025-10-13 10:14:02.304049,67.434425,331.7875266672337,113823.2,-9.828978
438,2025-10-14 10:14:31.067005,67.19965,332.7878595718172,114212.4,-10.11209
439,2025-10-15 10:13:58.378204,67.48365,333.787481229213,112869.5,-9.448076
440,2025-10-16 16:19:34.302884,67.25172500000001,335.0413692463426,111864.1,-8.958945
441,2025-10-17 16:17:03.014310,67.23486249999999,336.03961822118055,114212.9,-10.80435
442,2025-10-18 16:17:32.922087,67.1389875,337.0399643760069,111347.4,-9.308316
443,2025-10-19 16:17:02.310512,67.19,338.0396100753704,109756.0,-10.46905
444,2025-10-20 16:17:32.684906,67.0769375,339.0399616308565,110695.5,-9.043852
445,2025-10-21 16:17:01.155167,67.2496,340.03959670332176,110601.1,-9.621901
446,2025-10-22 16:17:31.420697,67.2605875,341.03994699880786,110364.6,-9.938457
447,2025-10-23 16:17:00.294903,67.3120125,342.03958674656246,110611.3,-9.870797
448,2025-10-24 16:17:31.168258,67.46995,343.03994407706017,109840.7,-9.999458
449,2025-10-25 16:17:00.188005,67.3206125,344.03958550931713,108015.9,-9.663493
450,2025-10-26 16:17:29.857161,67.4118625,345.0399289023264,111824.0,-9.955901
451,2025-10-27 16:16:58.032887,67.2394,346.0395605658218,108781.2,-9.574825
452,2025-10-28 16:17:28.173041,67.2671125,347.03990941019674,107845.0,-9.167717
453,2025-10-29 16:16:56.650098,67.2175375,348.0395445613194,108891.9,-9.932095
454,2025-10-30 16:17:26.819815,67.441975,349.03989374785874,108361.6,-9.763169
455,2025-10-31 16:16:55.672665,67.318225,350.03953324843746,106820.8,-9.590384
456,2025-11-01 16:17:25.603099,67.4840125,351.0398796654977,106800.2,-9.35586
457,2025-11-02 16:16:54.479905,67.3815,352.0395194433449,106085.6,-8.844149
458,2025-11-03 23:47:57.750305,17.6018,353.35275173964123,1193007.0,-84.47912
459,2025-11-05 00:01:33.911480,68.1852125,354.362198049537,1306882.0,-79.47128
460,2025-11-09 15:13:06.975471,67.88135,358.99521962350696,1154746.0,-78.57294
461,2025-11-11 11:54:45.537296,67.99435,360.8574714964816,1104855.0,-81.81439
462,2025-11-12 12:00:21.385154,67.9683625,361.8613586244676,1303758.0,-87.59502
463,2025-11-13 12:00:26.687878,67.78625,362.861419998588,1258807.0,-76.86766
464,2025-11-14 12:02:44.529754,68.1192875,363.86301539067136,1334388.0,-79.1451
465,2025-11-15 17:48:13.954721,68.184175,365.1029392907523,1219641.0,-80.62976
466,2025-11-16 17:56:18.950679,68.1342625,366.1085526698959,1226144.0,-84.71373
467,2025-11-17 17:48:23.588877,67.724175,367.10305079718745,1164083.0,-82.52184
468,2025-11-18 23:38:11.861204,67.67675,368.3459706157871,1116074.0,-83.96771
469,2025-11-19 23:37:42.914466,68.16405,369.3456355840973,1430068.0,-88.90296
470,2025-11-21 19:09:01.392403,67.6715625,371.1590438935533,1152263.0,-85.47745
471,2025-11-22 19:10:00.072399,67.7561125,372.1597230601736,1402546.0,-87.92909
472,2025-11-23 19:09:24.726460,68.2356,373.1593139636574,1243712.0,-90.23544
473,2025-11-24 19:09:19.081272,67.7308875,374.1592486258333,1381854.0,-79.1665
474,2025-11-26 23:40:33.855851,67.699175,376.34761407234953,1204461.0,-80.89916
475,2025-11-27 23:29:24.934276,68.3394875,377.3398719244908,1285115.0,-83.28199
476,2025-11-28 23:29:20.297355,67.799075,378.3398182564236,1304867.0,-83.84347
477,2025-11-29 23:29:17.899668,67.7734625,379.3397905054166,1199137.0,-85.27223
478,2025-11-30 23:29:13.859533,67.76893749999999,380.3397437445949,1367889.0,-79.04144
479,2025-12-01 23:29:10.829955,67.84755,381.33970868003473,1133517.0,-91.37053
480,2025-12-02 23:29:07.171417,67.693175,382.3396663358449,1227192.0,-87.69773
481,2025-12-03 23:29:04.991681,67.8822375,383.33964110741897,1291648.0,-78.28723
482,2025-12-04 23:29:00.881718,68.0010125,384.3395935384027,1378915.0,-82.46778
483,2025-12-05 23:28:57.843519,67.97297499999999,385.3395583740625,1289669.0,-82.57032
484,2025-12-06 23:28:54.016595,67.9995125,386.3395140809607,1094156.0,-77.63119
485,2025-12-07 23:28:51.491477,68.049125,387.3394848550579,1399336.0,-90.15276
486,2025-12-08 23:28:47.762996,67.9349,388.3394417013426,1312152.0,-82.27924
487,2025-12-09 23:28:35.311331,67.8757875,389.3392975848495,1227746.0,-85.71174
488,2025-12-10 23:29:20.670245,67.9544875,390.3398225722801,1241349.0,-80.43204
489,2025-12-11 23:29:27.134901,67.9623625,391.3398973946876,1468344.0,-86.22497
490,2025-12-12 23:46:48.146941,67.8505125,392.35194614515046,1301848.0,-84.97686
491,2025-12-13 23:33:10.767849,68.04025,393.342485738993,1244729.0,-88.4865
492,2025-12-17 22:52:37.313239,67.981325,397.314320755081,1366470.0,-78.87897
493,2025-12-18 22:51:45.892983,67.77255,398.3137256132292,1225753.0,-82.3488
494,2025-12-19 22:51:56.430921,67.8239125,399.3138475801042,1406939.0,-80.58628
495,2025-12-21 00:53:01.363990,67.90255,400.397932453588,1134596.0,-77.90002
496,2025-12-22 00:55:26.927475,67.8879625,401.3996172161458,1361654.0,-86.45764
497,2025-12-23 00:55:54.667846,67.8931875,402.3999382852546,1352556.0,-87.84127
498,2025-12-24 00:56:54.594887,67.8970375,403.4006318852663,1293414.0,-86.54975
499,2025-12-25 00:55:49.823100,67.8936875,404.3998822118056,1269822.0,-84.4687
500,2025-12-26 00:56:50.946239,68.03135,405.400589655544,1286316.0,-81.52705
501,2025-12-27 00:59:29.597215,68.0729125,406.4024258936921,1231251.0,-88.15588
502,2025-12-28 00:54:55.238037,68.0039875,407.3992504402431,1227115.0,-87.00373
503,2025-12-29 00:55:19.587662,68.061125,408.3995322646064,1252510.0,-77.09981
504,2025-12-30 01:02:38.224570,67.95745,409.40460908067126,1248865.0,-89.66509
505,2025-12-31 00:59:48.206993,68.0485125,410.4026412846412,1113362.0,-91.8026
506,2026-01-01 00:56:17.062883,68.08735,411.4001974870717,1437910.0,-92.39745
507,2026-01-02 01:03:06.208345,67.9328625,412.4049329669561,1354833.0,-80.93564
508,2026-01-03 01:01:55.825203,68.007075,413.404118347257,1270781.0,-88.13235
509,2026-01-04 00:57:58.736179,67.8936875,414.4013742613311,1186088.0,-86.77893
510,2026-01-05 00:56:27.734178,68.0498375,415.4003209974306,1190264.0,-89.31539
511,2026-01-06 00:55:23.884619,68.0198625,416.39958199790505,1113793.0,-84.04683
512,2026-01-07 15:41:48.600715,68.0059875,418.0151458416087,1316513.0,-86.56132
513,2026-01-07 18:11:23.478784,67.97370000000001,418.1190217451852,1126056.0,-93.37099
514,2026-01-08 05:52:53.956507,68.0688625,418.6061800521644,1221973.0,-87.74657
515,2026-01-08 13:00:51.837402,67.969375,418.9033777477083,1274625.0,-91.04077
516,2026-01-09 18:43:10.612365,67.9163875,420.1410950505208,1207895.0,-86.94716
517,2026-01-10 06:44:05.989601,68.013425,420.6417359907524,1247723.0,-80.92165
518,2026-01-10 18:42:56.101182,67.8975625,421.1409270970138,1289650.0,-79.19317
519,2026-01-11 06:43:31.509663,68.01295,421.6413369173959,1213588.0,-85.87851
520,2026-01-11 18:43:23.017374,67.93888749999999,422.14123862701393,1191324.0,-90.30374
521,2026-01-12 06:42:42.511925,68.0929625,422.6407698139468,1228645.0,-82.47492
522,2026-01-12 18:38:54.995736,68.26155,423.1381365247223,142599.8,-11.33247
523,2026-01-13 06:40:07.291936,68.2694,423.6389732862963,150730.4,-12.55795
524,2026-01-13 20:39:34.317605,68.1577375,424.22192497228014,1463893.0,-86.58897
525,2026-01-14 08:39:52.790117,68.15865,424.7221387745024,1408252.0,-79.73576
526,2026-01-14 20:39:14.376085,68.2586,425.2216941676504,1345895.0,-90.27367
527,2026-01-15 08:39:34.408446,68.2186375,425.7219260236805,1305902.0,-82.23737
528,2026-01-15 20:39:55.806108,68.077525,426.2221736818056,1422695.0,-82.70674
529,2026-01-16 08:39:18.797647,68.2432,426.7217453431366,1328035.0,-79.86312
530,2026-01-19 21:43:47.049588,68.1846625,430.2665167776389,1429979.0,-84.70934
531,2026-01-20 09:45:51.821179,68.2875625,430.76796089327553,1431770.0,-87.21789
532,2026-01-20 21:44:19.561960,68.1003375,431.2668930782407,1451919.0,-87.17112
533,2026-01-21 09:45:53.956644,68.0774125,431.7679856093055,1246568.0,-88.36671
534,2026-01-21 21:40:36.325021,68.0252375,432.26430931737264,1669427.0,-82.82482
535,2026-01-22 09:40:55.121505,68.0927,432.7645268692708,1438097.0,-90.52972
536,2026-01-22 22:07:05.034248,68.1111375,433.2826971556481,1560361.0,-93.51761
537,2026-01-23 10:08:04.920597,68.0887125,433.7833902846875,1489046.0,-87.92506
538,2026-01-23 22:06:59.725808,68.3945875,434.2826357153704,1277352.0,-83.5927
539,2026-01-24 10:05:21.172187,67.9575,434.7814950484607,1468167.0,-83.12883
540,2026-01-24 22:04:42.159816,68.14308750000001,435.2810435163889,1505249.0,-89.56177
541,2026-01-25 10:05:02.155408,68.2162625,435.7812749468519,1512597.0,-80.69447
542,2026-01-25 22:05:23.664668,68.134275,436.28152389662034,1346554.0,-81.82674
543,2026-01-26 10:04:46.100520,68.1913,436.7810891263889,1472036.0,-92.79277
544,2026-01-26 22:05:06.833797,68.1576375,437.2813290948727,1507610.0,-90.66519
545,2026-01-27 10:04:27.092699,68.1720125,437.7808691284607,1558070.0,-89.86707
546,2026-01-27 22:04:49.421453,68.0833875,438.28112756311344,1401138.0,-88.35189
547,2026-01-28 10:05:11.758390,68.109075,438.7813860924769,1591100.0,-90.82345
548,2026-01-28 22:04:38.762001,68.1816375,439.2810041898264,1481408.0,-82.36082
549,2026-01-29 10:05:00.138434,68.14931250000001,439.7812516022453,1586446.0,-91.71994
550,2026-01-29 22:05:24.206061,68.1574375,440.2815301627431,1575802.0,-79.68362
551,2026-01-30 10:04:49.382679,68.1567625,440.7811271143402,1514962.0,-82.08035
552,2026-01-30 22:05:13.437344,68.0305125,441.2814055248148,1306486.0,-77.29581
553,2026-01-31 10:04:43.707437,67.9278375,441.781061428669,1539318.0,-79.23282
554,2026-01-31 22:05:07.998661,68.134375,442.2813425770949,1550412.0,-86.6044
555,2026-02-01 10:04:33.195141,67.9958125,442.7809397585765,1408722.0,-84.49243
556,2026-02-01 22:04:57.922490,68.312125,443.28122595474537,1565685.0,-82.61896
557,2026-02-04 10:05:53.182418,68.2754,445.78186553724544,1351858.0,-85.24057
558,2026-02-04 10:28:43.643906,68.3172,445.7977273600231,1360849.0,-88.90589
559,2026-02-04 10:46:39.484525,68.2085,445.8101792190394,1321718.0,-77.74998
560,2026-02-05 10:47:06.357804,67.9519,446.8104902523611,1413934.0,-81.09134
561,2026-02-06 10:44:54.664339,67.9687,447.8089660224421,1436439.0,-79.96501
562,2026-02-07 10:44:42.695863,67.9686,448.8088274984144,1490419.0,-84.71939
563,2026-02-08 10:44:28.832811,68.0139,449.8086670464236,1407118.0,-75.98058
564,2026-02-09 10:44:15.099529,68.1016,450.8085080964004,1492345.0,-83.45958
565,2026-02-10 10:42:57.245170,68.1141,451.8076070042824,1347046.0,-90.89445
566,2026-02-11 10:42:48.429773,68.0658,452.80750497422457,1551230.0,-90.85461
